x1,x2,x3,x4,x5,x6,x7,x8,x9,x10,x11,x12,x13,x14,x15,x16,x17,x18,x19,x20,x21,x22,x23,x24,x25,x26,x27,x28,x29,x30,x31,x32,x33,x34,x35,x36,x37,x38,x39,x40,x41,x42,x43,x44,x45,x46,x47,x48,x49,x50,target
-0.6082265074447593,0.5062409893059261,0.04930833152022263,-0.47126374070251964,1.362562852712452,0.3556689485632294,0.7510994545073101,0.02845758118315888,1.9234457948249533,-1.123494033239598,0.5681032051286461,1.8904406851557827,0.36064789143579495,2.01527511046064,-1.889649292096153,1.4473056993918065,0.5531491563792091,1.2906444609225471,-0.5482002981667726,0.242882013150275,-2.0650830462563206,-2.0820987031889873,-0.3202978045366419,-1.9754877712171375,1.6406145634882874,0.3111099911431952,0.19157739619408962,-1.0496554989099411,-2.077811819856197,3.152056734512085,-0.39719531614598763,0.3631156277445234,-1.6891830379672617,0.34756161380355205,-1.1022697404558555,-0.7746149700185819,0.7688396759688968,-0.7316317389085281,1.643378155804534,0.08669769941439659,-0.5861276942356394,0.5321864480329056,-0.46158144610393204,0.8850832263498993,-0.12791759148076653,0.7569886166453519,0.3078017688920592,-0.04946370965243295,0.6427227598675439,-0.3486521344078592,247.58698326355835
0.6954024745502987,1.088769654216672,0.14098269961206,-0.08087849786546131,1.6957228778108653,-2.929448690002268,-1.060605066396601,-1.2845842656999693,-0.4545477187434442,1.0235306441853447,0.018819049740598424,-0.6141225650083162,1.3863493972628433,-0.38769991640856116,-0.8049664808525608,-0.37630072492499606,-0.4118233689636573,-0.41361566562964275,0.13192796677195706,0.17528677893392386,-0.7170161491279362,-1.3367254388759306,-2.1056469418403245,0.05225849049748321,1.8972886947731116,-0.1115088271429437,2.052972024501663,-1.1716543473175618,0.9778155496862003,0.1566937282465246,-0.4776455826040052,-1.1410085097527383,-0.09139955750911445,-0.12765468151819012,-1.2551353719733949,-0.218653277435036,1.5886269280435958,0.1455211977682408,1.1535903433169254,-0.56060763684731,0.678729139035869,1.0923572982051106,0.054367379673253745,-0.5402259604455725,-0.9555404406004258,-0.9221653241776254,-1.7101683926566256,0.6748194921666038,1.3291525301324314,-0.3492577043184288,-87.29941847880875
-1.2002964070557762,1.2669111491866227,0.5049872789804571,-1.4358621511794394,-0.926930471578083,-1.5193699659540134,0.010233061019587049,0.46210347426327075,-0.44004448669698376,-1.0243876413342898,0.44381942814622843,-0.11473644146689901,-0.3853135968617602,1.7654542402810969,-0.6533292325737119,-0.7076694656187807,1.6324113039316352,0.40498171096095553,-1.4301413779606327,-0.2525681513931603,-0.9815086510479509,-1.2477831819648495,-0.6002168771587947,1.1631637521549596,-0.05952535606180008,-0.4749453111609562,-0.48423407286625136,0.7746340534293368,0.19905969557347003,-3.2412673400690726,-1.2608839543350452,-0.3345012358409484,1.4412732890661155,2.1221561970126332,0.9178619470547761,0.13074057728609134,0.8657551941701215,-0.7925207384327007,0.06980208499001891,1.0324652605511468,-1.163336708152647,1.320305258389077,-0.9056255082499594,-1.228588226188891,-1.6064463202575725,0.8696059201056602,-1.348185422105713,-1.1227220215622986,0.19652116970147013,-0.3216350512173826,3.104613078598426
-1.8936146669537857,-0.26451484131061076,-0.7924199209999613,-0.9735461997044687,0.05993263026632825,0.8294748419317485,0.5054701591666269,2.7596600389110777,0.20965941527462578,-1.308820399119112,0.6354180302092264,-0.14451867071551783,-1.7690759048891183,0.6592456684324051,-0.8170886310681906,-2.0038623644067535,1.8005111815108537,0.9375701376265584,1.2389463529394373,-3.0195121558208253,1.0602099074988798,0.18384954475369486,-0.5089636257074988,0.47635776935621926,0.2773769379581917,0.0012054753622242368,-0.19382613877280352,-1.2392583948534726,0.39241596717876703,1.360658595838651,-1.6075598643689741,0.21329370737293857,0.8071225966373103,-0.7691423497872982,-0.7627247785662142,-0.49163618563204736,-0.3079615296390403,-0.6751782749743815,-0.025574312191994436,-0.9399031011088647,-1.8252817764865494,-0.2978421593926686,-1.7226783609959238,0.46478932220398544,0.2034636358672231,1.355637858804951,0.743264094022715,0.3824097461840506,0.7090037575885123,2.076747983560841,-48.688398292105376
0.5868570938002703,-0.7832532923362371,1.4027943109360992,0.3464482094969757,0.22745993460412942,-0.9194242342338032,0.23225369716100355,-0.7143514180263678,0.5219415656168976,0.1846338585323042,0.8135172173696698,-0.9093874547947389,0.6565536086338297,0.09965136508764122,-0.5662977296027719,-0.3220615162056756,-1.236950710878082,-0.5034756541161992,-1.3204566130842763,0.25988279424842353,0.29307247329868125,0.7818228717773104,0.4738329209117875,-0.6800247215784908,1.307142754282428,-0.9905363251306883,1.5499344050175394,-1.2308643164339552,1.8657745111447566,-1.6074832345612275,-1.5506634310661327,2.1904556258099785,0.25049285034587654,-1.0623037137261049,0.06856297480602733,0.29698467323318606,-1.4018510627922809,0.7910319470430469,-1.1913034972026486,0.4735924306351816,0.5704368844297982,-0.7871812163069565,1.689227700080286,-0.31147495022928123,-0.7563507452843033,0.41343490322370086,0.17086543812794186,0.1664522082130561,-0.08973569428722672,0.38193545223155334,45.319328344791444
-0.005596018829046555,0.5006657213812097,0.4577728661518858,0.6170059495766975,0.6988284202025348,0.8903831635197862,-1.3659557112005343,0.26125053123385605,0.6934789119139937,-0.5260348426675804,0.007063158628176452,0.7789365035121141,0.40865281148067084,0.6955377575657775,-0.387099702474401,0.04977368718096008,-0.47883745600840416,0.849102110743144,-0.8627757640431206,-2.1533429198712444,1.2119439853864005,1.0971527117536957,0.14338846734225108,0.6835693232004776,0.4209729443893898,-1.0917008761393143,0.5752050161065663,-0.6603211394734471,-0.36927713924620315,0.49201884799279927,-0.29396694766418224,0.6687416555925126,1.0599363840466218,-1.5178737466808094,-0.07159925185806683,-0.3920126399191296,1.6744924333475373,0.4395012306202264,-1.77623523289832,-0.3570292008066094,-0.010166837591449235,0.5544881483250335,1.058053753936536,0.7745447682668686,-1.4222537095976742,1.876795812558066,-0.18398333635267913,0.4924512640081491,1.4401172154494728,0.43004164719106963,179.7872660252539
-1.0896330373423884,-1.091933900395313,-0.8476339286190848,0.5820265670847269,-1.1755946056248516,-0.6578345538521371,-0.5388418561927383,-1.962625691672579,0.5522999376795232,-0.9483480042242007,0.17183933979353122,-0.21804589539237385,-0.2634482160822491,0.015618333949603047,-1.405567019178642,0.8902475008365087,0.8481742126666681,0.9022771737866472,-1.232523314768509,0.46320629209912306,-1.008554684076208,-1.3671378064602457,-1.5648027713620551,0.26044226333355597,-0.8950698422766047,-0.370508098590029,0.8545252270666157,0.5532512199847837,0.3496500472996937,0.5972282182533848,-0.9077561801469204,-0.7847619081277034,-0.6967718184295749,0.5107920885275947,1.5192839236417688,0.6256309336460009,-0.6520888885930607,1.80930634973311,0.0953441994413082,1.0305805856240573,-1.0362561202853928,-1.133583304905833,-0.2893546270924057,-0.9055099556479735,-0.6465728842425266,-0.773789199103573,0.01843393306539316,0.2891686439078181,-0.6763923020592697,1.0302834540318422,-150.96196754607675
0.15985639199740037,1.3924653000643288,-0.5487249077409615,-0.21492103028873533,-0.1343087414705478,1.0005823180429783,0.7796605322693398,1.395683810789956,-1.0909664302151982,-1.7485319732381808,0.28869362927985703,-1.881849045497639,-0.8058700664961888,0.9694572005267368,-0.8661748482145009,-0.2500465145989528,1.0325462043416573,0.42719436187168486,1.1267051368275833,1.3043402428781525,1.3103087461196083,-1.6624919880356743,-0.20922187374452778,-0.30803428418574125,0.8108082731597821,1.2657078408647007,-0.6706202090766449,0.2603218387712207,-0.5621680265783021,0.793488720552213,-0.646227309843803,-1.0276751409259581,-1.1057046684859357,-1.19363683175648,1.775310892609512,-0.4108142879545848,0.09284490114111471,-0.12853751143893075,-1.6834381922209503,0.9191541736100015,0.17200795874051053,1.40898865147356,-0.7963123996583824,0.43376640832530494,-1.081548003614395,-1.244654703311417,0.34758170536167105,2.4553001399108942,1.8009404329108156,0.23878915902651351,-206.42322951162186
0.9218015019772522,0.975816719344709,0.3674816654743044,-1.879924385139045,-0.7095798547491726,-0.4173668136050844,0.38961417737090387,0.5346290861224353,1.0213832954293984,-0.3084827884558197,-1.2457173764463845,2.98525900260341,0.9242701395378298,2.0565435648295414,0.606850593215671,0.9184544439424138,-1.3776175007542373,-1.1308884353259157,-0.5647740041709423,2.4267164863455224,-0.8682927318763665,0.43295982536069616,0.003375506597160999,1.8709651753717822,-1.2585049106753345,0.4200944904518413,-0.2950899142379063,0.054934110999848726,-2.6357477390168778,-0.21701705042437042,0.47363207681145447,0.4826878872092127,-1.5859833122379583,0.5555126463422483,-0.9263811299815384,2.088442772869925,-0.3135296861723979,0.17521141890851205,0.32782117284308526,-0.9186865114860944,0.893975984219008,0.997326081033356,-1.424170007650686,-0.558589529249687,1.6871416350725648,-1.7787202489042786,-0.5397596803093615,-0.637739984251316,-0.04015795064434341,-0.2590421458207031,304.6080947976042
0.04886007032570433,-0.6734906242438685,0.12229750303228377,-1.3698029795790778,-1.1875984190295128,-0.2949496782920278,2.5797093376543185,1.6391168054440675,0.9638791167949097,0.41379909745149823,-0.8353470532597573,-0.429405541125253,1.628396623128538,-1.4026052717996935,-0.6629009175509482,0.27899416222380197,0.0438114719791096,1.7495767431869393,-0.14700200162848862,-0.1852876588777083,-0.8036745679697308,-0.12982069973342616,-0.5535882417079946,-0.08828204835125482,0.3098207102270275,-0.7019916878067554,1.2477420726737338,2.1451491277733883,1.6777008140764407,0.6337768809320985,-1.243863235391285,0.04059169120388238,-0.5574917850078336,-0.7184072655691974,-0.6929051977959073,2.2105230015913513,0.5432980290363879,0.12522450264790727,0.5689830791852754,0.8949243769444413,0.05873406979090953,-0.6970299498110698,-1.2272563909987464,-0.7799245378535437,0.8816397569494505,1.496044311489183,-0.7783047254023127,-0.5309969550018176,-1.4307751021180481,-0.19634984908497827,-51.6462217724368
-1.2221278088919454,0.326133022242118,-0.5245202662797737,-0.09671311187039239,-0.5227230205190395,0.5931012579683838,0.39913611435207086,1.1033018820165215,-2.081929407883722,-1.4084612963635597,0.924027019206901,-1.1290517712172292,-0.056945623721067457,0.7109599682034915,-0.3748208075495975,-1.251113576385303,-1.280429352496283,0.44426331148603976,1.7547941819843647,-1.5566291735239037,-0.037634702424848364,0.6060099513456396,0.1503017614618776,-0.5449190868089497,1.0490092258368893,-0.24032539815813503,-0.3095464393139903,-0.18490213644298903,0.11422764866203965,-0.7043436905427592,-0.3609661658190799,0.7129984301723881,0.2110174672026184,-1.0810633275998973,1.159329803364248,1.6964563682900382,0.48937456122791806,0.7216720640432351,-0.36361221221385587,0.6159356069442637,-1.2069536065703557,0.3016424140656377,-0.6842775758669183,0.03641462743761926,-0.007972641316617372,0.6543656563540577,0.19584525509768155,-0.6231405264247644,0.12810441491078928,-0.07160125941406395,-82.13126702701413
-1.3044695005048532,-0.10703035995455783,-2.0674421000398766,-2.301921164735585,1.9647251329163893,-0.5302576183724408,1.3668742674445247,-0.24903603955637832,-0.5305011476105275,0.213979910734222,-0.553649305347182,-0.03269474809409311,1.1195749114345768,-0.5138669173366935,-0.9398797863273552,-1.035242322419374,0.6141667000434252,-1.0592135218889516,0.7575077100473051,-0.11232804969082982,1.6449677135012837,-0.22096959953322298,0.3112501545435361,-1.5151910621985523,0.03526355197172861,0.36659824609684827,-0.7928728322623442,-1.1978778925888485,0.5765569630557664,-0.6997255079925856,-0.06267909727317188,0.6696725488300385,-0.275051697151644,-0.9857260463355437,0.9551423205012383,-0.57581824064468,-0.08912003951278841,0.3840654489393073,3.0788808084552377,0.5040465155178444,-1.2876947055661612,-0.10779970765752844,-4.323470167422723,0.7421336718342467,1.4799441388900259,-0.05558467091045507,-0.978372777615032,-0.5554771191602547,-0.6810516574748808,-0.03722223650984159,-137.35246003192717
-0.46440426230938764,0.4183982208886837,1.1941094030473725,1.7952113559123222,1.0519476177229186,-0.8304444065565653,0.49774308909139425,0.4215866106144557,0.5345056484805503,0.2502002062516945,0.6504500925361392,-0.6775646523356551,-1.100154232971695,-0.5975101946916416,-0.2515388860444957,1.4015985929464294,0.6067230591361827,1.4223698616985077,-0.18319661872038787,1.9956674897839644,0.6659242520544614,3.109918556005361,-0.6172531865469232,0.23007075919140207,-0.9980606273144129,0.7833905092825955,0.5225141052657575,-1.503080301759818,0.8389405004696122,-0.3839712719523516,1.7388996637975789,0.4620608932518965,-0.3206676255571917,0.08531814256502405,0.9788580507817954,0.8876554258738361,-0.9811655311396816,-1.7258067287905967,-0.5583017539460305,-0.8082657216409264,-0.4502769316318792,0.4055201110319353,3.095428568810326,0.18330878597292874,0.0773683076476183,0.2799686263198203,0.40825275571447184,-0.6373871273065177,0.8406435489887241,0.7276295436369798,-221.0923581265996
-0.06407776414871663,1.3934545275244314,-1.8437935834807457,0.21853404241094568,-0.5561187467607805,-0.39305275706140097,-0.8449414385934964,-0.09184476433495513,0.5859042011646491,-0.9425580057918763,0.42934082280173436,0.1755362295785979,-0.059415181272494094,0.14304876987895235,-0.16212397547985843,0.7105491022977853,1.3254321090950785,0.8496119885162131,-1.4068150094975382,1.6147787907098514,-1.4990159604584012,-0.3220281544920584,0.5483196275544987,1.0094717885959688,-0.13006029355362003,-2.1961278210999464,1.00163182520856,0.3796396483859655,-0.08743532877718108,1.669069525826331,0.6928575842374367,0.5362909095171899,-1.4152671919241875,-0.7999405067019342,0.5825713188088052,-0.736770135947622,-0.8903178480198718,0.30170000890173554,0.9495945713644882,-1.9080021371233076,-0.10106181375889826,1.4307954666876237,-1.5736362780422428,-0.4266222106068304,-0.8612842013282637,-1.1254890472983765,-1.7025836042378404,1.1890165311075518,-0.6526239793023909,0.05194588580729943,-68.99424413243099
-0.4827435221820324,0.29875290836568624,-0.6459641791245353,-0.8463566549908735,0.11327041053776446,-0.18047991359062565,1.0299608175811612,-0.4036484632419967,0.0678555105274033,-0.668144085538994,-0.4263575962055433,1.3748764191481848,-1.0675329142542729,0.3230792731160291,1.6246784584695606,-0.7517910500951843,-0.4473218956587512,-0.2523535021262876,1.281016361735113,1.8732977762175456,-0.33477533210654087,1.0800480657146485,0.42359906559346105,-0.643549832317462,-1.4382779783173667,0.12267031599479553,3.193107567844861,1.1484457091967548,-0.955122579349353,0.9192289345752035,-0.2918112689155441,-0.9533286082587124,0.48473281729447476,0.883109777147159,-1.563190808696657,0.8527736751222195,-0.7991920066502536,-0.18289644110484016,2.062524919243145,-0.07783719701280203,-0.5075870083886524,0.2863394818483239,-1.5682893324131095,0.07405437134914723,1.5231240772696573,2.4457519796168263,1.0291556373256436,1.4205042479898549,-0.4461834332147797,0.7326400772155792,-150.09699638795794
0.6818914896263114,-0.16711808031685435,-0.48943944251822213,0.21915032766393897,0.3686733088729012,1.3821589910375272,1.5774532797634744,0.27902152577033923,0.6454841811410754,1.2784518626072987,1.2065089665083568,-0.5308687729203206,0.19408999289830758,0.5906548306923093,-0.35929209078705954,0.14671368643332283,-1.3598561409799192,1.1087035805829077,0.7462535660272207,0.19109906801990334,-0.0952955323869521,0.04643654815614881,0.1866091231563581,0.24938368371075526,-0.3933388123273607,0.5839281853259639,0.6487098875896427,-0.8169356709872361,0.6078965097165392,0.028744822934817487,0.820482181197364,1.8467073257360336,-0.30777823495300083,1.066674689589154,0.5072740311072977,2.16325472330546,1.044160877069072,2.5269324258736217,-0.44643361455052827,1.1692955904456728,0.6570079092489657,-0.13946175382284065,-0.2945008184975958,0.8370487718108117,0.5389100436846587,0.1292211819752275,0.472597482413043,-0.5707462937494763,-1.889540730945531,-0.08071658010858232,245.28638958919953
1.1038773433162576,-1.365824155415439,-1.548960525053475,-0.3409078773460798,0.7060789138151315,1.3995946451457935,0.07715649621771674,-0.16563141031763223,0.6789312900592783,1.23000057271915,0.5027844268951942,-0.9040682897360003,-0.9797212247168068,-1.0921636327180897,-0.5892716517893062,-0.14896930976729691,-0.28438464960650933,0.8347513263248821,1.5905820726178503,-0.9647054257507148,-0.5938114080687051,1.6284685547723217,-2.128734094414812,0.4283166923752375,-0.24268127681203333,-0.002403840918853844,-1.342127748485115,1.7963608229269636,0.0785770297191498,-1.0263692076658921,0.9137716213855857,0.4751677464953816,-0.5193963718261266,1.5898389781806839,-1.5457297866907331,-0.13699548944245826,0.2579759812211809,0.19613145902390733,0.4581681147886987,0.5740712208940013,1.061543174043244,-1.4088057043704725,-1.8265228449402238,1.0964528113164964,-1.0372461543264564,0.10939479460489289,0.25602973431387566,-0.8323555731042287,-0.4523063192490767,0.07863519031609059,-30.799863692633842
-1.0370660735699961,0.5101574689151834,1.471034690817104,0.5925303073177614,-0.9928660010855455,-0.1908722195531798,0.3569727592669261,-0.037893081716830875,0.9552692372072055,0.5779785236395572,0.1263141994832002,-0.5764195763348439,0.11179915820338826,-1.443604262169765,-0.9500634974661272,1.2725701629285695,1.4069347458917507,-0.4829098394605177,-0.4841184945848177,0.5773635251066616,0.08127842205619876,-0.1286594463520559,1.184256645196173,0.4096361186839937,-1.4452052644122255,-0.7961368031864954,-0.19819567637971988,-0.46913085421040895,2.3883719928704386,0.6662696720435232,-0.0827150238964932,0.66536893503283,-0.6083507646793376,0.9513062442994834,0.24309172766069878,-0.038742894989543024,-0.6994952201676432,-0.23130094292969944,0.7228268949855121,0.5268979236657937,-1.0100398054466908,0.5139193879693736,2.0281815248539266,-0.582702010032445,-0.1903386780836082,0.725766623898692,0.9826909839455139,0.4714155563864041,-2.4238793266289567,-1.9982006845321076,89.79000723509806
-0.8224199323822006,-0.47622087354465903,-0.5240883979345925,1.2361307218062179,0.8508979621679722,-1.345870923473215,0.1973157074055956,-0.31607285602704976,1.42274813609994,-0.10322175293249623,0.26256132900192497,-0.409282438113104,-0.4501892648514116,-0.32789471651291785,-0.009300321138614417,0.8743891807127275,-2.438817158276429,0.15519068385897913,-0.13427916218630415,0.26536234939962844,-0.6176518954343502,-0.5827586576115821,1.2038844371688162,0.08865759096143744,-0.13737178839939665,0.00020706491819709385,-0.8192578597214978,0.19358991136754436,0.6157711497711416,0.3904648499288896,0.8250982646676347,1.1210306673244714,0.9653974845911707,-0.6581164890752567,-0.8671302157109003,0.9262154022415924,0.152354872033722,-0.6947131310890582,-0.13944627568099954,-0.30372602877666466,-0.8241320152449808,-0.4694749466681588,0.7342332952789368,-0.13799633399173772,-0.8756182533847572,0.4810092317367132,1.6654744444625766,-0.5522230442809712,-1.5839028234857233,0.9163276747024814,20.764802475304535
-0.7632591565425169,-0.8604133652839524,-0.6626237589458467,-0.15567723539207948,0.8356921120651418,-0.6518361078021592,0.2544208433012131,-0.4118769661224674,0.37114587337130883,1.4415686206579004,1.0062928092144405,0.543360192379935,-0.42098448082026296,0.25972250172148187,0.048084946661381994,-0.38455554422982535,0.57707212718054,-0.9043166251044086,-0.2030453860429927,-2.4716445001272893,0.3376026620752022,-0.7968952554704768,-0.4325581878196209,1.1677820616598074,-1.129706854657618,-1.6275424378831627,0.047398671316414016,-0.5768918695231487,-0.48760622407249354,0.5298041779152828,0.6385924587773739,-1.804882100664519,0.08658978747289992,-0.06607979864731657,-1.6615200622689599,-0.6039851867158206,0.5705986685931593,-1.6694052811213718,0.39445214237829684,-1.2110161997624567,-0.7762400474383724,-0.9022389189183105,-0.7795692916664593,0.05151308786373375,-1.382799730964336,0.22388402427913137,1.0143700650181304,0.6329318177555108,0.7604146561442974,0.3464884758979927,-156.04473494483992
-0.09546424708907303,0.48206672733538614,0.34980002456790754,-0.9244659881295544,-0.2788833941507565,1.8325570434792018,-0.2739930818293042,-0.29983819627488056,0.9514492770580866,-1.405189846803575,0.39379729821625153,2.6930336639804966,-0.1590452104000513,0.9153902755601617,-0.8330560570007587,0.3687331473175197,1.2468917155347194,-0.5495402745955349,-0.062004009366031745,-0.05240445057746945,-0.24338397937501807,1.7041055162554912,1.6259589153620633,1.5628887685081978,0.8451579711843216,-0.08059974929676088,0.8141517621182666,-1.92767257934561,1.904136589573007,-0.04889718347410554,-0.11676591579524663,-1.7762463334664518,-1.703871586826719,1.7388513518533313,-0.6355578414044034,-0.36650702036805183,-1.0040545968420103,0.18383451632250436,2.218780233448134,-0.3212427661179117,-0.06424198676886049,0.49625726057417646,-0.621012487140551,0.7348507325551838,0.9261775475316414,-0.7904744554453119,-1.8408742313316453,0.2029230208512997,0.7858001586508322,0.9980101098596522,64.67218606938982
1.1492733262856758,-0.7271371758248686,2.5600845382687947,0.20768768716311115,0.17770100093325383,0.6218099622171964,-1.2767485758203094,1.0531528533329035,-0.07016571145864703,0.6105857452838231,-0.07443342910004629,0.12200981464536144,0.02975613949574519,-0.6269670577877674,1.77080063563551,-0.24751863555150475,0.8339221545489041,1.8124485579969287,0.4591800792284367,0.5597904479310398,-1.0810565404082624,1.0807807255546218,0.6815006973726244,0.27157883719537346,-1.3353443587101013,-0.0349884904969617,-1.5702247198904564,0.620672097550678,-0.03955515385665504,0.3801978510059632,0.7077519354554754,-0.7031764251258874,0.42961821913258585,0.632407739055521,-0.5624667758942676,-1.6609609335159914,-0.09605989972464987,-0.5756378262377739,0.028318376130461172,0.9725544496267299,1.1217723337502317,-0.7155370642557175,2.764795957628816,0.369785849303024,1.9094166404701305,0.4714683571359957,-1.2795769667357015,-1.515744114997232,0.42545756178496474,-2.8962553781936893,95.2470130660313
1.1801281737415277,0.21668311896428621,0.4964001177339411,0.8393491142316022,-1.040193719815898,0.7424589135926203,-0.966156723370417,-0.3004659487207037,0.41055008532761655,-0.5976676832548571,-0.2188662517356257,1.0743330047702437,0.655403829850237,-0.05310680169691065,0.7638603516334226,-0.3033500674771342,-0.10047572057170515,-0.5509818035382495,-0.057390703001542406,0.370211889941741,-0.07938842440570287,0.5843141664353099,0.36016418394576694,0.8728243510056346,1.945195074276933,-1.387868550455802,-0.6375875420759639,0.7662429750405095,-1.0056013756894657,-1.8210860692944963,0.1680153405325285,1.144293068559939,1.3931812579349059,0.5008315910042116,0.9452115346114836,-0.2310694774576803,2.0750650393485417,-0.4877053729487446,-0.5376457577798165,-0.87847380134206,1.1578761743604558,0.1888671166523474,1.1736858649620896,-0.25506218932712915,-1.3985675738191412,1.8820244964750337,-0.6248185776956788,1.5475052013300616,-0.966976143129213,2.0883747047807275,338.7624492684201
-0.9354387020445953,-1.053682419146354,0.738810480887503,0.6778753195309076,-0.1044492185374715,0.7999419019420501,-1.830632896856457,1.3736585451629577,0.1895816165987434,1.1618783026081905,0.9503075919735757,-0.2595466775839172,1.3149144535840473,0.36728731340134063,0.8080577982811451,-1.067802921579193,0.9751976297824297,1.8381836767951225,0.5010941699398452,-0.9273531341905741,0.5112025995249807,0.23836898273478513,0.9528745472029388,-0.6540756831274238,-0.16882172319001063,-0.535963445114048,-1.616310608436588,1.7106133725819253,-0.13744851462769186,0.07005216311318138,-0.22346598237185214,1.0859821161750323,-2.703232292999237,-0.01941960588773261,-0.3493167961181975,1.0010460925671412,0.6153674840130534,0.5131057981760827,1.6122782579886454,-0.30317978283427544,-0.9452248917279726,-1.071063390358635,1.3654664183516962,0.3214585906182512,0.5629692366905709,1.3454200461549777,0.026091050210833786,1.7958776730955217,-0.047711356141979855,-0.13958962815517376,106.94745141185494
-0.6243453897132241,-0.7341737987784958,-0.6353623888256293,0.4631847952675847,0.7045065398247231,0.5987943895619102,0.3113086734428849,1.0715431522348857,-0.4430440211284823,1.4104591452035038,0.4572804046152411,0.6197114459661363,0.39792704994680894,0.8970661968871322,-2.205566057099069,0.08199555641356042,1.4033699701251907,1.2748750412787222,0.6979032725390276,0.4097627959594974,1.6999573745763805,-0.8610879101735704,0.9413105807674833,0.19729226563120644,0.7890566873755189,-0.6047446645382127,0.6683404887180808,1.4558223221467665,0.19063559126502433,0.08382662792936094,0.6515219913395057,-0.18452535765584954,0.2965755451407618,-0.20149153394751798,-1.1376856704248166,-0.47949296739924335,-1.1896666590903613,-1.876552706041874,-1.0325239035275395,-0.006521315229458062,-0.6227461364094632,-0.7436596188690973,-0.18480600112770265,0.6136938316156317,-0.6506425691218269,1.593186626639397,0.517659020469123,-0.6127886904843862,-0.0036025390905684044,1.1081828167375165,6.361446217099598
-0.952316380738797,-1.6566232076777738,0.22228985580085406,-2.025807873111377,-1.0501407396021456,0.7356219972457467,1.9114190871397234,0.18947982122108065,0.7793490039053323,0.6952029000839993,-0.7353034606819523,0.42544486418417227,0.937915537510655,0.9003985883950636,0.8301918118626102,-0.5244481362626519,-0.8468509661253646,0.4512253193185082,1.2496189052966666,0.2837510236615011,-1.2804555710024668,-0.9878733409007492,-1.2549226680022925,-1.0708524186844388,0.7574951493374855,-0.772659445270824,1.78179890877106,0.7214793237573432,1.0074439731951985,1.3705361439967134,1.1834936668899279,-0.6769951384585313,-0.41790954576589057,1.667224111551137,-1.1780408673763807,-0.03901951937754412,1.2788658133133932,0.18517553682991406,0.1847104747810833,1.5232386217122582,-0.9310516013298237,-1.674119214395783,-1.8659071764087651,-0.14973968185438905,-0.48712538376469605,-0.5112156764311852,-0.7257438131534656,-0.38770155993598415,-1.1583646891925428,-1.0399059271255309,-25.145728775357938
-0.8953463223630241,1.4641772387524374,-0.9254246260595873,-0.45730165508679,0.3721054726068629,2.620793091029975,0.058022734808395225,-2.246889333984605,-0.8000385643976464,1.2235688824186275,0.2806364044901364,0.08568716140335904,-0.49190244750620515,0.8584511166566653,0.651136241823657,0.996858773465808,-1.3192471945987674,-0.2346205699574138,-0.20298063739565708,1.0964692338108837,0.8484308822052846,-0.6256772874962124,0.21128369227947272,-0.04282338131157488,0.3891591956679287,-0.9958153947902291,-1.1119670257741636,1.7586204841951334,-0.6067002947652967,-0.053120653017545344,0.03823799496002834,-0.4081008391602206,1.2374381346841392,-0.29967664800678706,-1.4485914146335441,-0.0635245746153551,0.2553837556743171,-1.0138959522925377,1.2000789564268612,-0.05020461704174478,-0.9004592674642097,1.4687217693099246,-1.3011057159497954,1.513537080607277,-0.5923939242388692,-0.9896048202585809,0.18676676447707832,0.28586539072490497,1.5033983017671506,0.6127739050625697,140.26402466751617
1.6087808557343735,-1.3957892021924851,0.9788895585567792,0.15776143929376948,-0.4519493719118777,-0.36550593698526584,-1.4769249275319014,1.1918993344135729,0.13988723283912738,-0.21560957856802238,-0.7239903317426091,-0.7097889922335351,-0.1962806513879368,-0.14994071907910936,-0.4629395120252583,0.5913492417584003,0.31952467078295543,-1.433151814524712,1.653617268492285,-0.37185788227866556,-0.7393714074590363,-0.7284616216803428,0.24300472205439969,-1.0973683189710666,-0.7893385057196743,1.090861670603698,-0.15129922023252232,-0.19539035117702397,0.9500158286696456,-0.0070449854805546995,-0.524662407066803,0.8282296901846228,-1.3902219251534627,1.2960630617813962,0.4936548476431509,0.996118214911129,-1.3717431292635056,-0.6143231440962944,-1.5327005598899308,-1.1071568168024517,1.5841191989865995,-1.4501141184980204,1.0651439289525169,-0.31491911248777743,-0.863990769679816,-0.12578692009964815,-0.7553829323533225,0.334456789987025,0.8773622905756714,-1.0534155631736561,-99.60442767007902
0.9324348709546673,1.4621959387176369,-1.6158867874104728,-0.7047284356108838,0.7499002394237105,-1.0196953197088567,-0.1449045790814313,0.11314045705302281,-1.189232465077129,0.31852100479887446,0.961987189071841,0.7658782794806148,-0.30561911106831297,-0.10434279298689192,2.814654444472553,0.4486357645145273,0.18932830729237413,0.3933070500053236,0.29724427338012405,-0.9916966634403105,-0.44594371386116016,-0.6328802748847919,-2.00745686074501,-1.5375847964491753,0.27926783821652595,0.7007006121205837,0.2063617713254507,-0.23701197001262772,-0.3631166611555665,-0.950910729687232,-0.7380570836613916,-0.4151002889633696,0.5720062783004729,0.46027162498230384,0.1812511626020504,1.0539857711828762,0.29964768783734813,0.20475888240178416,-0.3883469383011584,0.19484234027013805,0.9017733997371978,1.5018786888043276,-2.3426174473562056,-0.08737634823327059,0.04852162794482699,0.055724912288694604,-0.6115178029919482,0.6585442726728304,-0.22096417382966393,-0.6237689606958051,-58.71119385665079
0.9633761292443218,0.01300189187790702,1.158595579007404,0.8563987943234723,0.6256673477650062,0.27669079933001905,-1.245738778711988,0.3853173797288368,-0.846793718068405,0.4824724152431853,-0.2646568332379561,0.787084603742452,-1.142970297830623,-0.2453881160028705,1.8967929826539474,1.4535340771573169,0.47323762457354485,-0.7537361643574896,-0.07282891265687277,-0.2234627853258509,0.173180925851182,0.714000494092092,0.1537251059455279,0.21409374413020396,-0.8571575564162826,0.82206015999449,0.8271832490360238,2.720169166589619,-0.883857436201133,-1.0708924980611123,-0.8895144296255233,0.4127809269364983,-0.4465149520670211,-0.0771017094141042,-0.8158102849654383,-1.5148472246858646,-0.8206823183517105,-0.9746816702273214,0.058208718445999896,0.3411519748166439,0.9382747316635699,0.01920162318012888,2.0215314021951807,0.4223338907643925,-0.8309501164110378,1.0941915184709485,-1.4066610968482223,2.0102045387663496,0.02688583899453078,1.9140313538667861,157.79361113311273
0.9960476858058164,0.0570131248970845,1.185704154662997,0.8157372125392968,0.538296079049633,-0.643518230380143,-0.5830774385689385,0.28257995048829965,-0.221253623585772,-0.8392096673390064,1.5284684264125317,0.5366527525272862,0.7348777860498175,-0.32267983884213575,1.5013336519554867,0.26859227886325693,2.056207129940322,-0.25083301645504735,-1.1032083657216831,-1.0448091940210336,-0.1671217137864115,-1.9663565893760018,1.6073455760199926,0.8604734883597454,1.0725073373098022,-1.4218106667418438,0.9278401280812372,0.5078357562896237,-0.24869112618354708,-0.3649527295428853,1.328194141849058,-0.7567950885694608,0.30740669780910074,0.45588777208160763,0.5562300094006599,-0.27681329988892067,0.7189533106650667,-1.0469109826819396,0.49097495163825133,2.165002344901084,0.9640925998451121,0.06316324440194372,2.0735050316555994,-0.09753180923267293,0.2704568257798388,-1.6924646297148194,-0.9232332461109043,-0.1769472274940494,0.20838280794755248,-0.19068240076334658,63.95650870352066
0.6982233136135899,-0.6514180036144483,0.05963036992017413,-1.6685840738775894,0.5228354880354996,1.7359638031652493,0.647195939702741,1.5739867632900328,0.6135179727304166,2.1422703586118637,-0.32034730819432017,0.9246336829127688,1.0470983026121545,1.0495527153193351,0.6351718016819695,-0.48388583405432156,0.03800347816820029,-0.535235211560568,0.1200313267182613,1.7275431701007113,-0.483186462299374,0.4363236696740321,-1.4643748802098202,0.39922312260527926,-0.573700003938579,0.8951932200277323,0.1979107834626478,0.4241659464019164,-1.2257656630023412,-0.02435459226098284,1.3173940656343257,0.3934853854217496,-0.2573765374233451,2.0752608726252655,0.19759960469239965,-1.0227925651984056,-0.6469367777055739,1.3993554365860021,0.22445181855997204,-0.6891878180895679,0.7213044110314969,-0.6575173994967979,-1.6807468115163873,1.1539956041756998,-0.05023810944913695,1.5295503194606137,-1.3516846056163336,-0.7982972445384537,-2.0417348684242906,0.21743287317972287,77.51798488545671
-0.4344962274323156,0.26705026586925884,0.09612077694098337,-0.9186519464841982,-0.5172884501003722,1.0318445394686349,-0.7677975651041284,0.23421473253652075,-0.42018681709585726,-0.36283856043965906,0.08228398927542419,-0.5160447282173739,-0.21398884422550896,1.2557561255735208,-0.4787486216634773,0.889630795623437,1.5795721457307124,-0.8946073022195039,-0.5228600271532683,-0.4455025214007718,-0.03468488738678118,1.453384477117701,-0.998354040738791,-1.0041407667520679,1.40934744018558,0.22213377163371284,-1.485560373036972,1.0654803750653512,1.5505004928140769,2.2988981236192503,-0.18687164416135904,-0.30917212346863937,-1.344450511034277,1.4469778843537329,-0.4397310582741749,-0.2817846088605072,-0.4622752887050425,0.9382838059759977,0.9843223984765838,0.19655477651157463,-0.426076247378428,0.2587907767550742,-0.764372981935467,0.19126638433309923,-0.23894804686640975,-0.15800789857898942,-0.9758732529773327,-1.3793192280145272,-0.24717738252059693,0.8700677306887542,-34.13637979418388
-0.7563507452843033,-1.0372461543264564,-1.6064463202575725,-0.05023810944913695,0.9261775475316414,1.5231240772696573,-0.9075636620415979,0.755391225825756,0.04852162794482699,0.5629692366905709,-0.8756182533847572,-0.9555404406004258,0.751387123371789,1.6871416350725648,-1.081548003614395,-0.1903386780836082,-0.5923939242388692,0.8816397569494505,-0.863990769679816,-0.6506425691218269,-0.5767713305683327,-0.48712538376469605,-0.977555244798551,-0.23894804686640975,1.9094166404701305,-0.6465728842425266,0.5389100436846587,-1.382799730964336,0.5009171876243808,-1.3985675738191412,-0.007972641316617372,-1.4222537095976742,0.2704568257798388,0.0773683076476183,1.4799441388900259,-0.8309501164110378,0.2034636358672231,-0.12791759148076653,0.09933230542922587,-0.8612842013282637,-0.7623779489577353,-1.0533460034697655,-1.65617277665573,1.3162237506933672,-0.9075636620415979,-0.42688106994742003,1.0536417966078395,-0.7309300399419191,-0.6819842479977986,0.49568188797260465,-186.6578475360938
0.5556044660034485,1.1241127199860135,0.5211224283793383,0.7542913298135743,-0.971656734541286,-0.018708756445897416,0.7083038472010638,1.0701502383164274,-0.6414815952229522,0.8623934723827588,-0.7728776678236091,0.28555407485765694,-0.7449026448064491,-0.194908280352681,-0.1512732836535117,0.9475264621228578,0.7250957868479971,1.1337700968670645,0.5161782871149584,0.9531250453760867,0.3514482075415829,0.513085420097293,-0.8818746512277178,1.188913371474643,-1.3796181647889305,-0.1973384203073261,-0.38851845308888583,0.4070522871245351,-0.026521259249060063,-0.6267172245899651,0.5935567222808619,0.08958068125524882,0.8004095252276823,0.655900776529761,-2.9403886346642802,0.43192254467394064,0.645215585950057,-0.05489400061628639,-0.16306696394376388,0.19473619471877485,0.5609432749254433,1.1524564238517074,1.2263383256405151,-0.43621073945752736,-0.5767713305683327,-1.0121043752601675,-0.949398888831943,-0.033126972873797095,-1.0016200098949155,0.15041890514357642,266.56115426665156
-0.24606248812994858,-0.6117690909052854,0.0754336389015928,0.11502607914741717,-1.4063174636718339,-0.7424705856980482,0.6713400764504657,-0.7519693317388191,0.31917451041918043,0.7600559636896026,-0.42930222451725997,0.7421274910718922,0.02131164867194222,0.12320480678448567,-0.1758858124323366,-0.03703679704841202,-0.30920907704986345,0.5514853760404675,-0.7521564055905832,0.08243975293450329,0.21319662823768915,-1.4575514994649306,-0.796025856803489,-0.1601327955666404,-0.08310557262869477,2.1709427174978138,-1.3200225112207058,-0.692420979873856,-0.31905393566661816,-1.5047203740310022,0.043602446372453724,-0.8432465953161917,-1.8751724696457446,-0.622649361734452,1.695051040430753,1.3404504460231446,-1.6019658118971685,1.639964529371393,1.0760071385985983,0.1946074552372427,-0.26555811136677004,-0.6382915010839184,0.2135648917621735,-1.0978528072901763,0.755391225825756,-1.6548566718657693,2.632382064837391,1.7945578635177877,-0.2811002928859549,0.3649610024662254,-148.087791625634
0.2531652380379812,-0.2561797524953801,0.8953554307625996,-0.5574230531083212,0.8745170741325226,-0.4911537471421047,-0.9266983088473107,-0.8484286341908146,-0.4561208274741882,-1.042044412243103,-0.061764199860128925,-0.8043157596599924,0.3011073391917421,-0.5164296438875717,0.4547409121411344,-0.24149744587077882,-0.7699960661974573,-0.19646658342809717,-1.2961166642498945,-0.48720292119492714,-0.03143917037477642,-0.3519213178165091,-1.7858664919341112,-0.41299782214343406,-0.6497652268482671,-0.03361256470371301,-0.28487549336967083,0.4794415180860639,0.5731278132412001,-1.2032008553891445,-0.20585943088034037,0.820344012612456,0.5950294658355647,-0.1767741631157821,-0.7465783465402389,0.18142662011397137,-0.6315777291653314,0.6295295842218108,-0.3596296724524624,-1.5486182988637467,0.25227920517731667,-0.2239878573223926,0.34788536243295193,0.10602493704066505,0.5009171876243808,0.8231705839619146,0.4933179008808892,-0.5176112990361714,1.7976865268495226,2.403415585238275,-69.46421856382142
1.633431532301096,1.1894704889246406,0.6387302220291846,-2.153390113603715,-0.29756350335999193,-0.24415663529064868,-1.3230897934074983,1.0098170893426341,1.5945050632249722,0.12557645347154225,0.597400069849858,1.1870303055603801,-0.32483138350862245,-0.06413834659299254,-0.7542758500193579,-1.2276078151369925,-1.0962750868952018,0.3287624103034804,-1.4400508825942944,-0.1730718242838696,1.642015160136369,0.015579047581467534,2.2524358053443088,-0.6389617476895022,1.3757068133116195,0.30263546523903323,0.9640871682883573,0.7011727423108983,-0.6881503451777238,-0.15005558703252672,0.32135721545027307,-1.146345393018688,-0.9913923494563072,1.613711269058647,0.42192075423528475,-0.8469613483183278,-1.1430049127304835,1.1055259329579838,0.9817654869915943,0.45353430151397983,1.5615694991774784,1.222736557121369,-1.54467073543247,-0.20316645061704966,-0.977555244798551,0.07331796718840389,0.1848361236948739,0.2237879516388985,0.6408428612670098,-0.05761879703358539,-6.964993441972069
0.41343490322370086,0.10939479460489289,0.8696059201056602,1.5295503194606137,-0.7904744554453119,2.4457519796168263,-0.42688106994742003,-1.6548566718657693,0.055724912288694604,1.3454200461549777,0.4810092317367132,-0.9221653241776254,-1.295078772063616,-1.7787202489042786,-1.244654703311417,0.725766623898692,-0.9896048202585809,1.496044311489183,-0.12578692009964815,1.593186626639397,-1.0121043752601675,-0.5112156764311852,0.07331796718840389,-0.15800789857898942,0.4714683571359957,-0.773789199103573,0.1292211819752275,0.22388402427913137,0.8231705839619146,1.8820244964750337,0.6543656563540577,1.876795812558066,-1.6924646297148194,0.2799686263198203,-0.05558467091045507,1.0941915184709485,1.355637858804951,0.7569886166453519,-1.2899608997410539,-1.1254890472983765,0.37860248418125825,0.08775662055293779,2.402646343815775,0.8219117698231264,0.09933230542922587,-1.2899608997410539,-0.8583577801812136,-0.016422896072752075,-0.5711789897827968,0.2010990467149675,93.91478321000812
-0.12517442838316423,0.2620668090867255,-0.8792827824119881,-2.230468019124459,1.3697011076541847,0.200459631413729,-0.5615577463306254,0.6958638390937854,0.10248464215820753,0.9458696436841456,-0.35084943007647457,1.0719298652117972,0.5001430331138838,0.54090851856099,-0.3849428884100812,-1.9495617177543672,0.35037021638633825,0.8761691671912328,-0.844324037183071,-0.9005903525360617,-0.5530898169141323,-1.132784951267745,-0.2725447213618092,0.22668424849459717,-1.086054582118086,-0.11522423255219759,0.6089053562546319,-2.2183477600510813,1.1734422766324448,1.2554036094598964,-0.6683451948468017,0.8468821038849139,-1.7811584144656334,-1.0584406336416528,-0.0610756713523761,-0.48282759080691834,0.3485951198609804,0.48730523704499484,-0.3405987069098615,-2.4980610174929394,-0.11873371509811846,0.28043921744113665,-3.129016481379535,0.8469711851326299,0.751387123371789,-1.295078772063616,0.7003098794089914,1.188393273448084,0.5725827813561586,1.050654396007612,221.84836983909747
0.4359753895000459,0.8407344821295493,0.19548173155329082,1.3462257562027482,-0.6073544332122114,-0.5501152829365389,-0.09791524644290406,0.8890371222798921,0.4441983272906719,0.4182057558879721,-1.2926253471522626,0.5697603571986469,0.2927154821418534,-0.22247489677826537,0.12617790366196718,0.2078025073533134,0.2525688459966235,2.046862195719558,1.3845320475939062,-1.7760117540484022,2.2724347204468818,1.063940987560856,-1.276304416538336,0.5222506360177785,-0.07722104522304557,0.6820694900626313,-0.14702542343084998,-0.5321685631271895,0.5737444210044131,0.4258436586298291,-0.6749340187905523,-2.5322460852196853,0.46654531145012695,1.991553302204734,-0.4030759890650308,1.1013229577357622,-0.09884520123930605,0.4914294527201998,-1.2883076174635377,-0.8320613048498566,0.4420252133099532,0.8380555383675938,1.5473833550186014,-0.6584562410140935,-1.6694052811213718,-0.3357846992901282,-0.5756378262377739,2.5269324258736217,1.3993554365860021,1.1055259329579838,-121.02827472359755
1.2012139221639448,0.23561455810856594,0.8711247034316923,-0.4776574467651167,0.3384964074944141,0.8294055811834892,0.3336621052869483,-0.510016398854747,0.8303358165442456,2.270692857804396,-1.4785862457798415,2.075400798645439,0.3773004930448522,-1.8707919210258557,-1.008086310917404,0.7708651938869668,-0.4593608995402441,-0.35151348404130867,-0.8498443694647918,0.18186625505849516,1.0375399442578992,0.24822058630033608,-0.9787637157823074,0.47897982574639186,-0.4152879139008013,-2.038124535177854,-2.211135309007885,1.143754043206929,-0.26987493529337125,0.6327818661062848,0.0184183791895517,-0.4080753730215514,0.07156623721939247,0.32692737376416264,1.6764373122752827,-0.8560838259088672,-0.32602353216784113,0.2897748568964129,-0.4442932600761116,-0.21910052880886424,1.1806170093444652,0.25606854134558626,0.426573790392628,0.553982243191263,0.543360192379935,1.669021525289393,0.12200981464536144,-0.5308687729203206,0.9246336829127688,1.1870303055603801,235.69924687796328
0.6030946849488336,-0.5717460419560614,0.1786947168104756,-1.3158158164275071,1.0651719657143865,0.8721970000729778,-2.132595626154836,-0.1581538443723203,0.4240668615184512,-0.8369207037962799,0.9331280723410693,-0.39352985596972884,-0.10633700253131496,1.2753907379990148,0.2647753109779796,0.33260751032419755,-0.524567013767051,-0.15171443357722914,1.3522026788671444,-0.14037505890533644,1.0126374096440718,0.3076126681891964,2.3079162506161106,0.2810092502818063,1.4526167454861794,2.4851899166788916,-0.3150867311941086,-0.22272070077660705,3.2430929695947333,-0.9163209190734197,0.5333592447054494,-0.8505352787470439,-1.4359095238685275,1.218194711754256,0.8394685045184047,0.03944704824073949,1.2292147842970504,-1.1195461283831687,-0.18144906924751675,1.057368305378225,0.588719825602092,-0.5600090512150345,-1.057820258809764,0.9689466678795914,-0.6626237589458467,-0.2595913513636048,2.5600845382687947,-0.48943944251822213,0.05963036992017413,0.6387302220291846,-20.167207404669668
1.673452090298537,0.5514762752395233,-0.5466800845872654,-1.0196643386921156,1.0473177066214483,1.0176614668435024,-0.17435425790283585,-0.3695269288333586,1.1243533598705027,-0.04347694981386243,0.39069592092814415,0.17682087213939798,-1.6065771007386793,0.8113965544915921,0.8297324178791745,0.3405892164004968,0.5720574417141441,-1.1482632887526183,-0.062191016999311004,-1.5311075025557221,0.22530792204094158,0.5142547560178349,0.8260471714415063,-0.02355215087423812,1.1695899924277735,-1.2995812369275976,0.271495310825648,-1.326472128311083,-0.1314725956716678,-0.22939074406802776,0.8187776437548606,1.340461051790348,0.5646059258936003,-1.1225448062444139,1.5379319184125528,-0.3340772309799405,-0.2716551103260533,-0.7217375533372533,-0.43676423723821745,-0.9175028210142636,1.6339609745807804,0.5460921543772795,-1.6282351982207233,1.0348386164207126,0.5705986685931593,-1.5031429531181062,-0.09605989972464987,1.044160877069072,-0.6469367777055739,-1.1430049127304835,74.52302799183764
0.714609790636618,-0.5555467794868666,-0.5865312695639355,1.7025146581296056,0.31745326125017514,1.7349365758368085,1.631856899089109,1.8180619225578247,0.22526411724754952,-0.5293321124483709,-1.2021495260760888,0.15697296096843422,-0.24852861807444937,0.42548993324023027,-0.336254738681072,0.20438903160297678,1.7549330716472415,1.197246923645228,0.01840163078343813,-1.514470309180767,-0.7330329955239894,0.32159321133923857,0.5530400858523584,0.20232879642280202,-0.33286040438251124,1.1590740649558977,-0.8567720938267928,-0.39568071175626385,0.7751554940347831,-0.09338685889994829,-1.371673697230466,-2.049941278577478,-1.2693304965466992,-0.2885486958757048,-0.7094410024275466,0.6927227551168594,0.224216404290793,0.6102161695892225,0.23402445435314795,-0.7837535211244283,0.6707471550165371,-0.5473901924917175,1.2226350572984834,1.0036916449695297,-0.7632591565425169,-0.24574306408594432,1.1492733262856758,0.6818914896263114,0.6982233136135899,1.633431532301096,-118.52324677227915
0.11053531747394013,1.8566474365619547,-0.9855396007209299,1.355572935710348,-2.391956204313024,0.045491476330752,0.5044832563830169,-1.1794596645077804,0.27658150559104877,1.1785126897984228,0.32445860435251705,-1.0902084067994298,-0.07823065905851781,-0.8568518651277993,-2.854626662904391,-0.4817659710934752,1.8688178405438531,-1.1260539609110503,0.4197056083572659,-1.3734028889697492,-1.5630343065712535,0.5199021395287525,-0.34730228895784293,-0.6108576398050658,0.8447743757816999,0.49406391897551966,0.5583364232117055,-1.803862792562365,1.4350873992222355,-0.005560293648070566,-0.2563406783724922,-0.626315276183007,-1.5708814571259122,0.7978437798957666,-0.5380477584901385,0.008556080824349832,-0.9697437196346744,0.24365722370271442,1.4532754760425446,-1.8593367716600575,0.09392772695656716,1.9020360038319237,0.27242894501329307,-1.142089867373761,-1.804882100664519,-0.2727235697476705,-0.7031764251258874,1.8467073257360336,0.3934853854217496,-1.146345393018688,-76.55052920869085
-0.03392522592790888,-0.8051717517428763,-0.8451539584261589,1.0578141808207961,-0.9587784561867748,0.8567024802425557,-0.9355962987624259,-0.912810919296513,0.6577631761503737,0.41299891213779755,-2.169677417725702,0.28580328679473294,-0.8978300664256293,0.8811467208133691,-0.5779207768327106,1.0768481446576803,0.690472686121513,0.0013256887344072295,0.26561699317253346,-0.21406769772786138,-0.17791787580439816,0.3794053976051097,0.3440539215634665,-0.589112132781127,-1.3525086894407223,0.42069963101847885,1.6773770878054892,-1.1941894010922893,-0.4174303819894322,-1.58358838978758,0.39542098538803816,-1.5947559581633324,-1.1869933883057446,-0.5893322314273619,-0.9575689550152119,-0.06953228624226938,0.5533889830744267,-1.194522939766035,0.3483417392461269,-0.4586386361010845,-0.04245949682854645,-0.804833983577844,0.20507096764285807,-0.10441900944123929,-1.6275424378831627,-2.6968866429415717,-0.0349884904969617,0.5839281853259639,0.8951932200277323,0.30263546523903323,-9.177414055123279
0.3996879517526416,0.7533416211045325,0.18102155870370695,-0.6097829043193822,-0.13845598398377382,0.5655096456315442,0.014688194729197093,0.648280433843859,-1.1958830620351844,-0.8505204542093001,1.2897527540827456,1.173473857485325,-0.43745830032341043,1.2382830714336357,0.5863640187550933,0.38115838488277776,1.6699045043514062,0.02127157673606165,0.3946715298229811,-0.5805234498047227,-0.78489831308224,0.5885784044206096,0.41953244390702776,-0.1340171666729177,-1.2242982362893657,-0.5286166817497568,-1.7607627591558177,0.6731813512699584,-0.12094814860778157,-0.20902325728602528,0.3088330125989638,-0.651356893791829,1.196631486645651,0.24075317948856828,1.702214944635238,0.4446026682201407,-1.2968319479558466,0.6628812686674127,-0.8874921778021001,2.601683114180395,0.41283663724196706,0.8063443131797021,-0.3993454852914464,0.20640785657282051,0.048084946661381994,-0.05429486651781221,1.77080063563551,-0.35929209078705954,0.6351718016819695,-0.7542758500193579,151.05645877758954
-0.9564363768180087,-0.4367197360405955,0.7197579421481819,0.7906255991627686,-0.3583401520212222,-0.4700421477595015,0.8925973382993092,0.7307641190665245,-1.8665399513606162,-0.181224173218103,2.0997217891665154,-0.19090379172729868,0.6863184569567008,-0.31305803052315434,0.35561334878566,-0.06613261462582246,1.4196030045136372,-0.0007085945766459172,-0.6004235657387051,-0.649373038321426,-1.2111719292807812,1.321304032273012,-0.9539394193966448,-1.9701038177118355,-0.6475418056351592,1.484116028535965,0.2658782296520485,-0.24702570074599667,0.014273067836434106,0.7441919714999368,-1.2504077339697175,0.47240627788037737,-0.684629825760004,0.8823330623234091,0.6045153263553668,1.0075136898369221,-1.2932729578711637,1.804348109786743,-0.4070363129267805,-0.45209033283308037,-0.9304352834902794,-0.45036189308146485,1.5244331346977023,-0.40817636830476695,0.25972250172148187,-0.23093453020867796,-0.6269670577877674,0.5906548306923093,1.0495527153193351,-0.06413834659299254,-11.70887940077521
0.22468472575188592,2.061503576636398,1.7269638512334051,-0.19365945927971812,0.7783610761666377,1.5421099525678756,-1.86653661707306,-0.12174750838328353,0.08840688629184736,-0.0033744574109520514,1.0240625258114624,-0.372833152091767,1.8540925663341883,-1.5256563145700948,-1.7608088119807759,1.2083662305931424,0.6963874474567153,1.262584103427182,0.9553052085705107,-0.17018462252492844,-0.08268068584269925,-0.4532280493272752,0.6308116845547775,-0.7168223206028049,-0.5511857163285334,-1.4183657329330317,2.006092888159123,0.5925269492011831,1.513449743242131,-0.8181988834223072,-0.5518581458924467,0.9325908318730899,-1.141689114133505,-0.5642475986573886,2.5581992856682523,1.4775300810552618,-0.39963618561460235,0.7223813578277714,-1.024186824329205,0.18455130319703697,0.1849302281295935,2.0876589248819757,1.5021694159626573,1.1859574560701942,-0.9043166251044086,0.6962063648134184,1.8124485579969287,1.1087035805829077,-0.535235211560568,0.3287624103034804,87.99080225668675
-1.3668583632808264,-0.48083378951197936,0.018016872044446585,-1.4162270557926455,2.169936588080543,-0.07906734186455629,-2.839078659485427,0.9567031863856584,1.5985381120963413,0.7835896647986067,-0.5176925728692147,-0.031203488939083975,-0.6888855425754056,-0.48827384245154465,-0.6298845523638104,0.696167997159289,-0.7811563781311142,0.6333268260712385,-0.2598001407675125,-0.6786430612941032,-0.809380821082754,-0.31823752774262026,-0.2215132629521239,-1.1511537365528692,-1.423682636883923,-2.704391631602775,-0.5791241096357465,-0.08809124402907328,0.5169465157483709,-1.8518427315746586,0.02263085267686914,0.5925672738473307,0.8622235118869771,-0.9849931258170151,-1.4055630538562867,0.8021284586181193,0.47263034584340563,-0.863493604964934,-0.02230028371805305,0.1986800095474069,-1.333039516627314,-0.5082407538947294,-1.4086162962660627,1.0810153670124376,0.6385924587773739,1.8489560949453452,0.7077519354554754,0.820482181197364,1.3173940656343257,0.32135721545027307,-74.62801550395235
2.0740826697499735,0.25373966149457344,-1.0727430257398065,1.2619215007139917,0.3080505395041023,2.6443433470170348,-0.6537663386488198,1.3744380931708173,1.1260502507721681,-0.3431922754974105,1.0857863249393471,0.7479102561175338,0.22323891412915967,1.100959634998571,-0.2860042218801108,0.4676931717654332,0.37710039390218647,1.9583474542205939,-0.029262813684978354,0.6215718898560508,-0.5956612940434921,-0.36961033604363397,3.1377485336599937,-0.9057323008626189,-0.3916485674217911,-2.5302875227463297,-1.5029703283951532,0.09798315347089544,-2.1356742139786955,0.26912694124510733,-1.2295495944524168,-0.9193845915864234,-1.7730324682068814,-0.46531045678005334,0.4966992232365217,-0.05139372358848624,0.23924686411114954,-1.9792998103757877,1.0560568090660518,-0.10594835430413566,2.0248993707466476,0.24249824902515613,0.16452842824124353,1.4199648386686752,-1.6615200622689599,1.1265650295477574,-0.5624667758942676,0.5072740311072977,0.19759960469239965,0.42192075423528475,52.31197193569356
-0.8927875154918841,-0.3828171896129687,-1.2172826922204794,-0.5282970466629792,-0.3998990621311371,-1.2644984069549656,-1.422974925261673,-0.3975577654917214,1.1818910929599615,0.1825010305992134,-0.39767969361460404,-1.60027110450371,-0.31030770538490365,0.6549755842216898,-1.9685042134380537,-0.12372894627483615,-1.1761733365547806,0.8107986455917099,0.4875602970867186,-0.6701152004542329,-0.9701242603796436,1.1717179147161596,0.37976763604089603,1.036087651046256,0.269294752580734,0.03471374875256186,-1.7931064525345768,-1.1840305582225594,1.2376537575119981,-0.04489303012253698,-0.9938626748348534,0.5136144642310962,-0.20252422706483003,-0.856498237409199,0.4201915428949916,0.4809080927488954,0.15946250680412918,-1.388542553831211,-0.9680457585102453,0.0976703767483354,-0.8884702051881656,-0.39201556759351014,-1.7750479767306693,-0.9089044430798325,-0.06607979864731657,-0.26888869055483056,0.632407739055521,1.066674689589154,2.0752608726252655,1.613711269058647,-338.08128705762203
-1.1790397911598025,-1.0003313246055747,-0.9037018607301281,-0.12038116395359824,0.3506300992735592,0.12637957954641182,0.8474216771504216,-0.09053328230416077,-0.13263374638257355,1.1096998419562232,0.513907849658915,-0.024195606390916165,-0.43548637056984335,0.28328787154614216,0.2011596558728393,-0.6777449705248515,0.6725737012027313,-0.25890497370407733,1.8998819348952156,0.40981865692851255,-0.5353281859539227,-0.24125765461854246,0.1904996797790664,-2.172669546014036,0.4891871301476635,-0.4646172972983931,1.9389289990582848,0.17958178193959795,0.33198033056901455,0.6347214685617699,0.5866938014752747,1.1876793884615637,1.1070806692869728,0.8712972974572442,-0.47490365662252443,-0.9745293046706415,0.324359281721603,0.40373009033660945,0.7094518171390395,-1.3459796802467485,-1.143225469559789,-1.0135149116013533,-0.9816029198326752,0.30238868050491097,-1.2110161997624567,-1.1065259087416703,0.9725544496267299,1.1692955904456728,-0.6891878180895679,0.45353430151397983,-29.28773836660907
0.7918593103880676,-1.176962112769968,-0.8963326585920618,0.19624094066672046,0.2094700836477726,-0.7493576894227776,-2.1715714047604475,0.15808922532318442,-0.45965677227299695,0.784002779310748,-0.5663945912147232,1.719040612841821,1.310191908080897,1.4521176991825604,-1.2291835978004162,1.8205439079418155,1.0215153927818639,0.014149264965758293,0.9189148546583293,-0.18826133508630655,-0.00811320161175029,1.193112945851028,1.2912738390158789,0.5457867135323555,-0.9845340504819681,0.8524686434329506,-0.22153659758373817,0.8316167861804036,-0.2775442563155516,-0.0059547092127293835,-0.5964114079688796,-0.5706404302001128,-0.6135876053627944,0.8089192693927194,-0.2991817724274345,-1.079842447781487,0.21930233720043607,-1.0701915628943317,0.4217800742508709,-0.5844552918504382,0.7966421146302253,-1.194967539038767,-0.682240943627089,-0.2533281022885229,-0.6518361078021592,2.5733598032498604,0.6218099622171964,1.3821589910375272,1.7359638031652493,-0.24415663529064868,216.2023773743192
-1.0105982199289134,0.8155010224442626,-0.3613105619672905,-0.8767737812118448,1.1806409124521446,0.5114995753618614,-1.7476365098282616,0.47543068252662346,0.5002404694365699,0.05119790188108534,-0.18315047105329468,-2.6031370878272986,-2.2168188393540644,-0.9245641143780999,0.664927162301741,-0.048088507330772585,0.32297450361766816,-1.5975991695954321,-0.06100397185538355,-0.501784192811532,0.43477006455689116,-1.3724655478841008,0.4243939378610126,1.7120402840178925,-0.6273134459513029,1.5301951988633513,1.9351540400602292,-0.35667313417987123,-0.7955570679408823,0.04522270899998256,-0.3270173176097711,-0.5152183938082427,1.2208212988130478,0.4961991873633163,-0.21345677935043825,-0.5336003064391669,-0.06418416128881928,-0.3021805869826214,1.2795186697601588,-0.535316712567659,-0.9717606531480111,0.8483547078738684,-1.272729822942168,0.8086459170791753,0.047398671316414016,0.05921843401448826,-1.5702247198904564,0.6487098875896427,0.1979107834626478,0.9640871682883573,-338.2568992915938
0.2257615231117544,-1.8311448783383502,-0.8130143722601298,-0.4124138182164804,-0.15032046027187207,-1.7710685530880912,-0.24066517453021302,-0.3256110521485036,0.18106274277108234,-1.17223375343664,-2.0755880090785332,-0.01109200394860206,-1.0158788269899783,0.6647027453331099,1.3035079319347591,-1.2284438312657626,0.31635832153614474,-0.552920837367302,-0.8852486861242225,0.46436986354657417,0.007880184694728152,-0.5505519317084877,0.21209335307417523,0.25719897035592737,-0.32669621318636405,-0.97536602727825,0.47154238041820573,-0.08606969279089306,-0.1643352058853912,-1.0425776946705763,1.0018248536819372,0.017613251933657315,0.5861658003927833,-0.782003492511037,-0.49757083838520716,1.3032780373160637,0.8232799156777053,0.32208231076698546,-0.9933586995819507,-0.7597031174802871,0.20446194218506653,-1.867507738067559,-1.1804481967049476,-0.8831369079038556,-0.8604133652839524,0.013929291912946203,-0.7271371758248686,-0.16711808031685435,-0.6514180036144483,1.1894704889246406,-21.13112076711369
-0.45006547147924364,1.551151975522523,0.005243699718183166,-2.0392321777601006,2.060747924881987,0.33231401197959165,0.7175422557959623,0.07409478041977519,1.0584244868495878,0.9715709509543554,1.1792971840638264,-0.5993750229537729,-0.05554769889661878,0.12029563171189886,-0.1423794850212935,0.11567463429285867,-0.9649234605801045,0.514438834058749,0.6860514599984393,0.6453759495851475,1.502357052096028,1.3686315575323487,-1.3801014582148914,-0.26940683444455776,1.7553408424432044,-1.0676204293825944,-0.7484865365565536,0.06751848141010895,1.6286155455712918,-0.2489641484790735,0.7116148780888898,0.6228499323474987,-1.183258512665775,-1.5341141707356223,-1.1246420918378692,-1.7587394864231143,0.046980593764742055,-1.594427658794367,-1.7033824393551547,1.277676821898509,-0.44724840956668305,1.6112456965761197,-2.018623501998087,1.2023147001454324,-0.38455554422982535,-0.024125087110003277,-0.24751863555150475,0.14671368643332283,-0.48388583405432156,-1.2276078151369925,-4.591510380835103
-0.26265952031616774,1.2495049007061587,-0.3464265060068996,-0.8342818100346248,0.3791531187261241,0.06008599461516361,0.570507208354516,-0.6113852473886282,-0.27999330187447974,-2.390304367469438,-0.3494393272169559,0.22423474453529177,0.18641616974404632,-1.1793691216326172,0.46248362406685406,-1.3327773974796497,0.5376299029498797,0.1722543864110375,0.4281862478105761,-0.41222074502447015,-0.5806483025539511,0.9134737320174066,-0.23950192202174977,2.184096733380456,1.2302221756507876,0.9603047962814704,0.3883120054234496,-0.7725687487562407,-0.09294420661358828,-0.5969742867210739,0.6715311717290534,-0.33638694541113623,0.5152943216244674,0.8875039674140593,1.5280313593878327,-1.2790307362197864,-1.611567359102828,1.855503314794263,1.1168337755299542,0.7608466543114778,-0.2507810612817731,1.2692018620555228,-1.1400652100995763,0.2785844158738352,1.0062928092144405,0.19808476076785494,-0.07443342910004629,1.2065089665083568,-0.32034730819432017,0.597400069849858,79.72808091980868
-0.7625192391465982,-1.6610834155671725,1.220282896417717,0.047493468251642953,0.9411818664199697,0.4730382821602152,-1.6728939013115742,0.7158727446909595,-0.9403989164843533,1.0251091525817735,-2.0634031524794545,-0.10726476581094174,0.6802203604766911,1.6994359830087096,0.9005330773315916,0.5032520647495048,-0.04737070254443595,-0.40179502694163366,-1.5821767633461272,-0.6538983883255765,0.4042128652773321,0.02731337985143867,-0.3240681752089702,-0.24907184465304072,0.19189773587303607,-0.5955349351838592,-0.645572072035395,-0.3173504922425348,0.2270344788648889,1.9483426447898131,0.6813623265753054,1.0363028920724797,-2.0362205028559366,0.7547332980678092,-1.1536922813398585,-0.5607609069798603,-1.0766791274710135,-0.01987363536831157,0.5914421517518549,0.1994239859867671,-0.7277579518212192,-1.6399017005467238,1.2992578067655407,0.7104859983605979,-0.5768918695231487,-0.14436041192394247,0.620672097550678,-0.8169356709872361,0.4241659464019164,0.7011727423108983,-65.8811826555187
0.06447441481012024,-0.6134026635409398,-0.07049877805909122,-1.8019804375800197,0.1605739810498646,0.14866745720211155,0.7591551603026468,-2.59104229214491,-1.366878698415421,1.1906462747863413,-0.38817681854122876,0.5296927543567308,0.18335991977915564,-1.2096947428411076,-0.14408755572161547,-0.30246968648812833,-2.553921134901955,0.5999287299962045,0.9343199112392737,0.9495541354413237,-0.5765104007267194,-1.4848979684499035,0.3918040054025465,0.541462728204788,0.0030460201534144695,-0.9393353938187543,-0.33708597111803934,0.1704162223754877,-0.5462444482524828,0.43693816974634986,1.5307508323436974,-1.9754665663538713,-1.1701130260593595,-0.213442870930208,1.2187618516973167,-0.22476540189268354,0.4865016438262019,0.056649924897107164,-1.4789115687741288,1.490726136849952,0.05360144175701204,-0.6131573698564584,-1.9139289661852144,0.2576581153700874,0.8356921120651418,-0.5736620068802363,0.17770100093325383,0.3686733088729012,0.5228354880354996,-0.29756350335999193,-77.575192935281
1.1950466289248425,-1.0212328171307132,0.132969674146876,0.3520553965142968,-1.2803043986708944,0.4400144500533324,1.4437646040732595,1.1172958315881276,-0.045586016355497805,-0.09917586377938291,0.24380071377119883,-1.0265152994110602,0.44770856001731496,1.5655240292343404,0.37721187506452086,0.7083564472993533,-1.5255251709247388,-0.0657502610729878,-0.6919080698812444,1.8466369960476658,-0.0821511783925688,-1.0700847663261526,0.4567532191537839,-1.251539424190444,0.8724573282801447,-0.5589218472715883,-0.5020542243526112,-0.5640786307367284,0.34272534637770413,0.650201177958661,-0.5551995266931984,-1.5231869047837747,-0.24123605785632987,-1.448013900416244,1.8811570694405901,0.24333944932269183,-0.7001208149391732,1.073631749859772,0.5697672802322039,-2.198805956620082,1.1674325168130693,-1.0588006246016533,0.4570160186513243,-0.33237793218662076,-1.129706854657618,-0.5468589412403921,-1.3353443587101013,-0.3933388123273607,-0.573700003938579,1.3757068133116195,-188.82997876328335
-1.803139676255945,-2.151815401329305,-0.7084067669104628,0.23321613126350166,-0.13125696709230472,-0.2685306479058323,0.2871241652018242,0.36150352520610163,-0.09858813228426173,-0.6500025808234597,-0.21113023882769444,-0.060660813814620775,-0.2081168572725397,-1.5811907020321334,0.5087250232299338,-0.7191533192424201,-1.090399077442846,0.8950383140761154,1.41093237974627,0.16865467196672768,-0.6124373746404379,0.44194064956940904,0.10855970577652314,0.9531366339132451,0.07685188295876821,0.2671266510114834,-0.8911922254152874,-0.987179527151184,-1.1437262073206618,-0.22485598180807856,-0.4830610516834395,-1.5841359430054898,0.7082144232565571,1.6122206282554243,0.14679301198554937,0.018849622944847662,-1.5137143926128271,1.9011906857530074,-0.0332299906444608,0.8968393158655319,-1.7892035822109467,-2.2162695593171136,-0.43782595539079805,-0.21234201492302218,0.5298041779152828,-0.03275327021599839,0.3801978510059632,0.028744822934817487,-0.02435459226098284,-0.15005558703252672,100.86821762189219
-0.43277388358838864,-0.009288561567815747,-0.26864575330974255,0.26355081195478497,0.2783486346446696,-0.17537845589869072,-2.4263920705352082,-0.4958781720101493,-0.4166253056154625,-0.5849076534177698,1.813407698515423,0.479827035366833,0.5711794062192087,0.9863765059059371,-0.24638340251454802,0.30698107268623775,2.3490757867007575,-0.7119732272589228,-0.7160434362758403,-0.47875857152168855,-2.3869298701956727,0.35947579754712555,-1.5656480316055963,1.2840957939481172,-0.5092133625991345,-0.29737607924310644,0.49150564724678364,-0.3428788615575641,1.0973001875437087,-0.8463597198869729,-1.5428032182428997,0.7938184671438157,0.3957988487097471,-0.484173951248737,-0.16063111952549436,-0.06312301311124825,-1.8363597837703973,0.01282864354368512,-3.007632339693757,-0.966246319753254,-0.44804253839823427,0.0001751155056916448,0.02542357191671566,0.1000636369207072,1.4415686206579004,-0.543424771133765,0.6105857452838231,1.2784518626072987,2.1422703586118637,0.12557645347154225,-26.313679907746653
-0.5029747705513431,-0.580053241370043,-1.2922626951056186,2.3638724946193608,0.07595526791608741,0.6820520657126199,-1.3810446031537749,0.7215625051261435,0.6833289928110694,-1.2376624223272978,0.49968511030293383,1.3814540786904865,0.6929186230316111,-0.7837656655863965,-0.234407800316322,0.23940450053537707,-0.7632861041785816,-0.6905410523162594,0.03793783544760203,0.8691560643892732,0.30381859560487573,0.8872908372667421,1.4532606633210343,-0.7859860326349823,0.7426824183597224,0.2942241290134937,1.4872461553359273,0.4720022709192744,-0.23086637384476896,0.4822489526806572,-0.9161919154812425,0.26348721533105957,1.0729780477660118,-0.06717829004935526,-0.8318222082304447,-0.20931381957936157,0.6897078052451944,1.7495839042054206,-1.3386057997232488,-0.7157599891107518,-0.4766647586924323,-0.5961235619039609,1.0705647198155348,0.41127246429361103,-2.4716445001272893,-0.7128457826771644,0.5597904479310398,0.19109906801990334,1.7275431701007113,-0.1730718242838696,177.5972913308144
0.6373246830230725,-0.3152966552861244,-0.22565638071225164,-1.6313351104170732,1.481960768436536,0.7034401331388942,-1.0551076754804494,-0.9626510119189763,-0.8561698406617501,-0.4713157211511179,0.24608361531640882,0.12861745040496653,0.2513166482381024,-1.6167133749480143,-0.034550623953963515,-0.941022700666379,-0.6416668201303823,-0.22938233185546722,1.665351917623531,0.718417423471641,0.8227827808340025,-0.15774698323148525,1.1058330662947127,0.4802605014059249,-0.28321803894523256,-1.3927354721669964,2.154928677383142,-0.8022800271395435,0.6927690318488605,-0.5655763678739903,-0.24861585376667736,1.6163000427219165,0.6523061516102304,0.04556388114189831,0.6266136372630708,0.03556607403299353,1.3890243629627617,0.8139808601977412,0.8614365256328049,0.6234071382799156,0.6517029899340275,-0.307322578510005,-1.8511251219638858,1.1611320286643323,-0.7968952554704768,0.10643022769189683,1.0807807255546218,0.04643654815614881,0.4363236696740321,0.015579047581467534,212.6776458017755
-0.8110008636288448,0.007178466907941942,-0.9899577925520139,0.8723153800284503,-0.3600392687569827,0.1493634822711889,0.8201581867554845,0.07287409801551539,-0.1421465369405461,0.3123782104665717,0.16048962397348007,-0.18256897437954112,-0.08371795984921201,0.7828737349485725,0.21273977585766032,-2.0864776583710847,0.7313802525749924,-0.43112556957509907,0.5904220612514635,1.1927351654164144,-0.06468860503251848,-1.2578681559088878,-0.15024298879825998,-1.1430193120737286,-0.7280770978553212,0.25866114785538813,0.36414029605466136,2.212531039397242,0.0731969910016945,0.3733485597113982,0.4080528468367557,-1.1140464501619933,1.0294574815983573,0.44477380783159476,0.5507975722736632,0.33868731792169,-0.0350076100062359,-0.49693202511797824,1.191707497107065,-0.8256536828021421,-0.7962210487878746,0.016786788737571678,-0.05375916773414231,-0.15358406627190213,0.57707212718054,-0.2549772174208553,0.8339221545489041,-1.3598561409799192,0.03800347816820029,-1.0962750868952018,-238.46126124682132
-0.5505368494915835,0.6704806172412126,-1.4438548161335418,-0.1627929060722942,0.3764095260975166,1.0391117874202687,-1.0021874557814727,-0.5132135664715852,-0.3286184757489846,1.1254347844147694,-1.5537587660160643,0.6012067489291149,-0.19102776260016902,-0.4532484090230134,-0.14778031881747153,-1.0718572330401555,-0.9006207346478687,1.4524675344707454,0.638391925608383,-1.1894118928673278,0.7408243454201259,1.6426729532559634,-0.9943493746085122,0.04091917539572113,-0.9020515543575104,-0.5081401976473109,-0.07576428653545988,0.8178896580250287,-0.22859991534001858,-0.8696630812746944,0.32674476460232005,-1.2207124259141586,-0.5441140021141926,0.6222071440434019,0.30047435961082836,0.6031874310823431,-2.296180953137238,0.0005279588565972928,-2.5623336587953105,-1.1388331177807691,-0.5194554545439114,0.6824336513328993,-1.6362262916476276,0.7420632297588147,-0.2030453860429927,1.5039929885826886,0.4591800792284367,0.7462535660272207,0.1200313267182613,-1.4400508825942944,-114.53443709958236
1.1965715016644913,-0.6690727386599166,0.11958036841415326,-0.6777153697521061,0.6779258713392691,1.4711703274936085,0.13653533108273744,0.1846803058649084,0.032004149065766624,-0.6057149230033384,-0.6056155397368641,0.5792914996010884,-0.6568942789713957,-0.4432822511915103,-0.933267959073196,1.0399046873960764,1.301741289398798,-0.8848027140269009,1.5615111967268527,0.742095372009307,-0.3653215513121087,0.2992925804064919,-0.9716140385106515,2.013387247526623,-0.48791140814570266,-0.02730453950993186,-0.20932367715186612,1.8260097135469362,-1.3471262895296965,2.1573082132655035,-0.172946059923423,-0.15852957302697002,0.4599721429391164,-1.3719011429313563,1.7117084801423434,-0.7534178703461835,-0.9730689408815555,-0.015309849172995557,1.2004139079444254,-1.6135613978767411,1.1798727921321541,-0.699390067794483,-0.530780132279451,1.1274693237589182,0.37114587337130883,-2.650969808393012,-0.07016571145864703,0.6454841811410754,0.6135179727304166,1.5945050632249722,-8.002588211384875
-1.006017381499702,-0.8254971967925115,-0.8182206832334725,1.475356216949552,-0.8222203955664315,0.9751197334177512,-0.1599385299634271,-1.0025293646378088,-0.718444221252436,-0.5069431753711298,0.41293145427562433,0.5951570254369136,-0.827230943552323,0.6241198170521551,0.7916626939629359,-0.32138584165299344,-1.4480843414973241,0.6283455092642799,-1.4074637743765552,-0.4710383056183228,-0.01901620790268883,0.2320499373576363,-0.2886586389201383,0.8576596232020194,0.2436872114919123,1.1581108735000678,-0.14705738150213865,-0.5637245528039747,-0.01851313599238993,0.24496657110872277,-0.012246772846914623,-1.2141886127877322,0.3109075655980046,0.07580455819372633,-0.8972543714858315,-0.21344715171184725,2.0923872756854602,0.09699596499271819,0.3227185603380895,-0.6771617115121117,-0.9987994289618104,-0.8723040852220791,0.6470259010943847,-0.011487305395495861,-0.6039851867158206,1.0915068519224618,-1.6609609335159914,2.16325472330546,-1.0227925651984056,-0.8469613483183278,29.47093392890816
-1.0623935281468797,0.1684609762696143,-0.07964139124571515,-0.36682441181468756,1.3171150673398653,0.33848384346169114,-0.9224101844985025,-0.3223204692113399,0.840620026504553,-0.6078219870944325,-1.0065425652796411,1.4122205554154292,-0.4316203127180484,1.1873860515647512,0.985729995679863,1.3175975356079597,-0.9993022322949108,2.589563642018614,-0.5047749212282174,1.2969945465611092,1.6153756894694418,-0.022868062298882122,1.5213160519224513,-0.3917581490438219,-0.11806852699107874,-0.18714426500454878,-0.29540141013902943,1.1398785611290454,1.2171585208254965,-2.1218548990085946,0.5796331732135757,0.4283070972076486,-0.23893209916969432,0.19438430157733602,0.32579631658216646,0.5467335682013793,0.4523717962497339,0.02421945667275807,0.9983108981479604,-0.35316629281068834,-1.0339177454737738,0.16289989675366615,-0.45734986322176374,0.7686365297674894,0.08658978747289992,1.246085192497629,0.42961821913258585,-0.30777823495300083,-0.2573765374233451,-0.9913923494563072,97.49520998534123
1.617212574968624,0.8868873900973003,1.9764405845154855,-0.4872285641135523,0.4367385517335095,-1.252393444413119,0.0341524174880246,-1.0858251288851855,-0.5041798310076715,-1.0710536796490489,-2.6042138566271342,0.5844129804724842,0.4625912928539512,-0.1891203907770335,-1.3303136257389898,-0.42076179368105326,-1.7785875840065168,0.9216501119244593,0.31965182591897723,0.6802161054504494,-1.0872459388628026,1.192507512477975,-1.148794035158656,-0.6757080791616118,0.40429475496169764,-0.8987840483231282,0.3636318826249679,0.19894814679649453,0.6793732829565033,1.235782191822154,-0.12754912037753421,0.10435593752321293,0.34767648353833636,-1.4511756900515589,1.5111549302473475,-0.08152267310164589,-1.5642416117110514,0.10589445311523424,0.6663125009092119,-0.01208894784605456,1.6156290547985708,0.9217531137857158,1.5441508630012928,-0.5097890552278098,-0.15567723539207948,-2.0733902324081495,0.20768768716311115,0.21915032766393897,-1.6685840738775894,-2.153390113603715,84.54029442070723
2.1330333746562666,0.8995998754332507,1.586016816145352,1.09877685198719,-0.8289950109220723,0.35701548596504734,0.8135096360006385,0.02100384163275905,0.5470973811700379,0.6103702654334648,0.8128621188389601,0.6621306745210467,-0.13014305436768459,0.28099186773503265,0.5883172064845765,0.30729952087660933,1.277664895788425,-0.6226995198205938,-0.5915713888358299,-0.020901593964148132,1.305478807154329,0.117327383308782,-0.31026675659345604,0.8254163489880298,-0.5601810401969696,-0.15178509503558332,-0.6929095952606542,0.6296288419236122,0.6819529712949639,0.7472936051232618,-0.20812225035727522,-1.9520877995225019,-0.2176812032272203,-0.5893647569442115,-0.4930009346588328,-0.20219265243389406,-1.237815498826849,0.11351734525124804,0.3241663524884421,0.8496020970210246,2.0896561863809424,0.9218737478245198,2.7260644855819436,-0.24946010420074036,1.1677820616598074,-0.34268759408034877,0.27157883719537346,0.24938368371075526,0.39922312260527926,-0.6389617476895022,-4.851258602701485
-0.24574306408594432,0.013929291912946203,-0.2595913513636048,-2.0733902324081495,-0.5736620068802363,2.5733598032498604,-0.37144086599579146,-0.7778166875908753,-2.650969808393012,-0.543424771133765,0.19808476076785494,1.669021525289393,1.2715550949941588,-0.23093453020867796,-0.05429486651781221,-0.024125087110003277,-0.2549772174208553,0.6962063648134184,1.5039929885826886,-0.7128457826771644,-1.4075116947178212,0.10643022769189683,1.7522704434236227,-0.34268759408034877,-0.5468589412403921,-2.6968866429415717,0.05921843401448826,-0.14436041192394247,-1.1105758454658288,-0.03275327021599839,1.8489560949453452,-0.2727235697476705,1.246085192497629,-0.26888869055483056,1.1265650295477574,1.0915068519224618,-1.5031429531181062,-0.3357846992901282,0.9356783931474612,-1.1065259087416703,-0.2095353296879453,-0.010706897823034633,-2.292306101971722,1.0357260109746103,0.2544208433012131,-0.37144086599579146,-1.2767485758203094,1.5774532797634744,0.647195939702741,-1.3230897934074983,11.39525310003657
1.9625871905307948,-0.33513778117145177,-1.0589075870566005,1.5730197252148563,0.41486550036191044,1.9870611116994412,-0.15083771156669531,-0.4516594761596227,0.38632331781156,0.5581395145185063,1.5541604207147741,-0.5057467042619367,0.6227112239002686,-0.742484232538384,1.341475915530881,0.34233783448962146,0.241321934916781,-0.4853058353678683,-1.151014083619507,-2.529560077694303,-0.0739475656083926,-0.29660745906979835,-0.7582820688875902,-0.46580556911816284,0.4632885301181062,1.0114630354083562,-0.5309708978119645,0.8539759765522237,0.19502498402812674,0.04351466864346608,1.230874513154735,0.0036956718478473255,1.75547569831549,0.5628808601743548,1.6850142787085094,-0.20447122098612153,1.4816634024625988,1.9541574337502863,-1.1306153349375263,-0.8798143535020543,1.870940544638384,-0.33837691827785715,0.5793860785159723,1.2760811586354772,0.3376026620752022,-1.4075116947178212,-1.0810565404082624,-0.0952955323869521,-0.483186462299374,1.642015160136369,36.1932689897434
-0.6492775450660071,1.6725723868377034,-0.5816809139486437,0.609138120907177,0.5583269125217224,1.2276689924732922,-0.3164084496948019,0.14171691363990474,-0.7355299425897666,-0.9206735930793662,-0.7050118557584089,-0.20358036010236177,-0.3091164642025014,0.2337859117907477,-0.7699732310586418,0.4190190093660452,-0.11122606134870032,-1.5558956462036273,-0.9039076414647897,0.169360824036078,1.2130976999791834,-1.4137144969049802,0.39331783939437187,-1.092312764672579,0.0760053914124115,0.03408346825922607,-1.2096410186912054,-0.05576907765770601,2.319329539981694,0.5387559924463692,0.33088023221445706,-1.2239402667622565,1.091310120594269,-1.9937356425714554,0.8335289616089246,1.2360931752104374,-1.0147567306928669,-0.3791277409874871,0.1920491164900316,0.37405656984757213,-0.6198539440771825,1.713730182169034,0.028507399040171216,0.8967026915184961,-0.4118769661224674,-0.7778166875908753,1.0531528533329035,0.27902152577033923,1.5739867632900328,1.0098170893426341,-217.30456061202983
0.9583858198420424,-0.8319549174944512,-2.1899217049785533,0.604120889588518,2.1247714030169615,-1.270061088712032,-1.479444223139724,1.1464408704007276,1.2395840064415615,-1.222895019555564,-0.8153756283161211,-0.7567639770159263,-0.22747625995340778,0.2243396567780826,1.0743180127155614,-0.6382827265284942,-0.695694877197064,0.9040175547613144,-0.9181269834165748,0.07125374991089249,1.259233239786799,-1.2935076252040958,1.0071333364731596,2.303638752104789,1.3313390619884031,0.22907468820570256,0.2869558543017087,-1.066234931899225,-0.9733788380270346,1.9203675021442612,-0.29748220087385013,0.0516609768510798,1.0683793336940164,0.3207857259326839,1.3119837385739466,-0.39622967810175985,1.1945922205137307,0.23278674294016363,0.3361449630262288,0.19405194360587402,0.940959044809965,-0.866271164568363,-1.5517031668252872,0.5087859344310294,-0.48760622407249354,-1.1105758454658288,-0.03955515385665504,0.6078965097165392,-1.2257656630023412,-0.6881503451777238,-89.53228235538302
1.3111674978026244,0.5954908976392573,1.6786746733725662,-0.7773714848459066,-1.500221861446936,1.2347519140447951,-1.5304614097433769,-0.3726755839519746,-0.20035257779416388,0.8861911885847956,-0.13216935564437185,-0.6981996746110497,-1.0398065310268843,1.1395555360254692,0.0798014840587331,-0.5898947564628909,-0.29424250563645765,-0.38736196455281124,1.356583385827982,-0.06263957732723487,1.6296421311127987,0.24312345851289308,-1.890010171182943,1.558789184496894,-0.7788370428204348,0.8595848723435562,-1.031955242094435,0.07227896538428889,-0.24269874782528175,1.3510728924131392,-1.0986204251778122,-0.2243189708781048,1.146030144142065,-0.11348064588214118,1.4205042872710631,0.23184209213484805,-1.911640550651757,0.6336610247740587,-0.4547947173776929,0.2215584736242106,1.2789640008372547,0.610475217710953,0.8857898506969868,-0.20174004661181505,-0.4325581878196209,1.7522704434236227,0.6815006973726244,0.1866091231563581,-1.4643748802098202,2.2524358053443088,17.99382092707745
-0.23415337472333597,-1.0128311203344238,0.6476885381006925,1.8522781845089378,1.465648768921554,-1.7249178325130328,-1.0577109289559004,-1.2208436499710222,-0.600638689918805,-1.4247481862134568,-0.9080240755212109,-0.13826430117118466,0.19686123586912352,-0.4694743859349521,0.7674347291529088,0.3142473325952739,-1.1509935774223028,0.5425600435859647,0.37569801834567196,-0.5443827245251827,0.822544912103189,0.11092258970986608,-1.9596701238797756,-0.013497224737933921,-0.22577630048653566,1.5792128155073915,-0.5622875292409727,-1.4123037013352915,0.2088635950047554,0.06752820468792384,-0.46341769281246226,-0.23413695694918055,-0.6017066122293969,0.24196227156603412,-0.46572975357025687,-0.2916937497932768,1.5230298564080254,0.4967141530112327,-1.3281860488984305,-1.913280244657798,-0.2276350916981592,-1.0319235683721923,2.5161750402340526,-0.21480365376349708,0.39445214237829684,0.9356783931474612,0.028318376130461172,-0.44643361455052827,0.22445181855997204,0.9817654869915943,-2.90347904678093
-1.936752702502465,-1.1571166187132709,0.551885971822154,1.2838168598535613,1.188596823087008,1.2676515111879738,0.544220352340347,0.5140625524247758,0.10744437434089255,1.1628385775349859,-1.551512249058929,0.223153054747697,1.0538915522958832,0.48074457976798396,0.09988695440921298,-1.3331283547778066,0.8500793324175533,1.4967104074459814,0.41768075223940065,-0.5800163326536847,0.8458028725629282,-1.1564158167438567,0.7565646749131401,1.2949855848169558,1.849362141386381,-0.8782632528234666,0.2887280030098363,0.6620518347584732,-0.4611697320346189,0.8431053323232401,-0.4949654803680731,-0.7613552698089406,0.3231854824582059,1.149672018878747,-0.49757249830921385,0.3873714806329899,0.6802302084176292,-1.3569355696995753,-1.3944950688592617,0.2965769385303051,-1.9377690267444334,-1.2031183570441488,1.8291956789573312,1.22534678219266,-0.42098448082026296,1.2715550949941588,0.02975613949574519,0.19408999289830758,1.0470983026121545,-0.32483138350862245,-112.81596258347227
0.025210867540082116,-0.8360621521000247,-0.5898923177556078,-0.5237313027714218,0.9976320769202445,0.23384802578959837,-1.0797363212758484,-0.10128071870153288,-1.1212437400943918,-0.29175863225853715,-0.09170602414512598,0.8920675997317206,0.3639706308527381,0.4929864585144592,2.196223142152799,1.4244958212469476,0.2908970575900059,-0.05751775300546313,-1.9955317804517385,-0.059826143529903696,-2.0217986399619474,0.4935602043342916,-0.9665878909853152,-1.3585740152574743,-0.2867942357382693,0.16429476537056906,1.0354434164169448,-0.8877695115385407,-0.5984375805810469,0.7595148874861078,1.0753434019568977,-1.5431182279428703,-0.13213658890154725,0.20953423026279433,0.2106684652031108,0.9294099847908155,0.6986888135170435,-1.8418977729578574,-0.0681234251679531,-1.0916251721591026,0.020313212432530234,-0.8456276479350595,-1.1087738222773937,0.6349433238018868,0.2897748568964129,0.7216720640432351,0.9382838059759977,1.073631749859772,1.6839276914578687,-2.499405714873573,-4.330804054195482
0.7821300015314592,-0.9858038086678267,2.049812095785926,-0.6342858476894031,-1.372859451481064,0.6928557558178116,0.7441857103150346,0.2668183962954019,-1.542801515209646,0.04693490206036963,1.1947628618769377,-0.7191094514491859,0.45780560992578473,-1.3495762115515322,1.0819848092499422,-0.2841550979287972,-0.8343230454915821,-0.41521376790527154,0.7640297815728595,1.897767016745977,0.42154608353656126,-0.9478927172689863,0.37006111526895535,-0.23596998721097162,0.35147990035220167,-0.7798529462216388,0.73463754545933,0.8946471875738723,-0.33912227927003874,-1.9782252493748103,0.03402741107223205,-0.7908993816675531,0.5964411375817527,-0.17909328501615626,0.11137260184005242,-0.6327550298850391,0.000682818957482628,-0.8239354869719996,-0.12373268009975662,0.3958197810959231,0.7736296529310649,-0.9943041943138186,1.4452840993683687,-0.34163658523633084,2.075400798645439,-1.1290517712172292,-0.5160447282173739,-1.0265152994110602,-0.45888426286894,2.2909425725907417,-181.16188997695417
-0.6292633936927887,-0.35976864578908574,-1.5223591862178911,-0.92951086019241,-0.9637589262106109,1.1173988159024608,-0.6500239344068982,-1.44964521969853,0.8901984111247868,-0.04865235157045115,-0.413465161123276,-1.3526702858435344,0.06934433703625043,-1.1165244399486591,-1.7073579575929467,-1.3260476860820383,-0.23040071420576733,1.2358116200069387,-0.9242331442683044,0.03279699541158651,-0.08343796979036086,-0.7584953347000695,-1.0039573720814985,-1.496529255090079,-0.9571509148950429,-0.5358014630522978,1.4484992298929262,0.26028050658288615,-0.9218598131253132,0.34378788154988543,-0.15589817793666752,1.5337277099164992,-1.8461878622380938,0.1600182258527877,-0.5482872964906009,1.0352493347237526,1.1126883749899252,-1.0293715081820716,0.20726732939894396,0.501782736167545,-0.5871202449241025,-0.3453029938413619,-2.492781080571975,-0.02655216015606887,0.8711247034316923,-0.5245202662797737,0.09612077694098337,0.132969674146876,1.0786808334312956,-1.389572466763596,-285.2454747814619
0.2167755637626291,-0.7179188907476018,1.4769344261182744,0.45838670355148425,-0.5312142946075985,1.2179591523055584,-0.5846177306571996,-0.9096834169818336,0.5348173363459102,0.681359510442948,1.1797252083607102,-1.5166425494207911,-0.1873290184063747,-0.6078752606758179,-0.8372624310497003,-0.23052462518025083,-0.838585798447231,-0.5391227031489786,-0.8866809222834573,0.4086073077017676,-0.031058932870901952,-0.3078084711388841,-0.6677795564688862,-2.0870270186020687,0.48387665118803974,-0.5888668267386961,-0.513196364513396,0.1941076309533577,-0.936506374789596,-1.1022921498364233,-0.5482687949250771,-1.097302527632844,-0.6373077470287948,-1.10486279306252,0.8333339117803071,1.2289805024890619,-1.167779551267935,0.29562448874709507,0.29219272832637316,0.22054142701386686,0.20207464812190357,-0.7112012275218559,2.0399404934540315,0.3389164268733405,-0.32602353216784113,0.48937456122791806,-0.4622752887050425,-0.7001208149391732,-0.03850846950070721,-1.6453987469568918,-118.01001520785468
1.5805406865683735,-1.6076610271180587,0.49822174849678513,0.46217266608194285,-0.19003903500149447,-0.835142901630023,-1.3631740045928105,-0.6619821777966091,-0.42924442029866183,1.3728484746765302,2.0236062192296393,0.24650477843200488,0.487872284871074,-0.23401985910698136,-1.2575778589146163,0.18474057889572446,-1.423957152450145,0.4663583744463345,-0.2666523292344148,-2.211861911329507,0.18970616761039566,1.5334337012963255,0.01914777741575206,2.0243096232868525,-0.3574454228104272,-0.8108575112103382,2.0895387216947734,0.006799844559997769,0.42588720619303577,-0.18039168176240783,0.9873345165891019,-1.0150941918278686,-1.5981243518837476,-0.31984752325484395,-0.07595102364252276,0.5885532697707198,1.1401490385212665,-1.111457956937032,-0.6414869090443096,0.15175799224874037,1.5327600007791422,-1.6673676350195616,0.9100935455037429,-0.5778144433410014,1.2012139221639448,-1.2221278088919454,-0.4344962274323156,1.1950466289248425,-0.17262729994081963,1.0225704320096403,-23.72341419113334
-0.5966290586117302,-2.3716593608588923,0.2766007655111807,0.8199252526352343,0.15712791899094083,0.9944473755089074,-0.5327254982169035,-1.357517539841935,0.1458364702153839,0.1979166673420755,0.2952799406208684,-0.8246122504347609,0.9427885141400756,-0.6724855960063362,0.032407013340136216,2.0420696529278803,-0.6862791357550845,0.22327083592026087,-1.4326712897396527,-0.6074722876203072,0.8396638644311888,-0.40436199269002276,-0.9642000714232447,0.3243402100148682,0.17618982250269238,-0.5256309339853844,0.6460061871145515,-0.7764991404930003,-0.9006713825124801,-0.6668487169515637,-1.7422216926352752,2.0979393391324312,0.5148835960763722,-1.0921212003485672,-0.5460417988167212,0.5852994365163381,1.195480650825479,0.3074035697196884,1.0800560591393102,0.1353383478922909,-0.5947316183111864,-2.437849048874373,1.0358165875070284,0.6092712746914261,-0.4080753730215514,0.7129984301723881,-0.30917212346863937,-1.5231869047837747,0.8836599374866724,2.439752406339273,73.86247267965852
-0.581782033392054,0.678946987762233,-0.965664803523208,-1.5678594253654559,0.33085130461557777,2.095843501809159,2.5115565515844236,-0.032280611049470324,-1.1115802495135512,-1.0773760769847582,-0.049029340838036735,-2.4932708203300775,-1.2992163634458243,-1.8316822472060261,2.067906338163552,-0.81240234893742,0.6870657958589163,-1.0513099116393445,1.466540859278603,1.3764964500195378,-1.8400777445057528,0.3131321400131553,0.12307820165618115,0.3467099776049199,1.451001438131336,-0.19793772898468187,1.5944423917491968,-0.16036008104483077,0.6405429350747734,0.8794170411374032,1.4974316831796264,-1.1738799644089726,-0.531454551359215,-0.10343122429028392,1.8577023435377324,-0.035825578706462934,1.6291663649009451,0.5027448074908146,-0.1131280525157404,-1.2390527025266425,-0.5518383503701715,0.7028266328616508,-2.4756186852136604,1.2316773155172107,-2.038124535177854,-0.24032539815813503,0.22213377163371284,-0.5589218472715883,0.6523228784134196,1.3842728185105182,-365.6497683087736
-2.7475048427252347,-2.0841129394985884,-0.6068651778571754,0.35845361820962024,-0.04551224530124217,0.5082686396745896,0.7579218499236196,1.8486088332964115,-0.4500128579958137,0.32950873557300914,-0.28744751940035557,-2.120700152635066,1.2958717818630143,-0.38502181171286365,1.3883377782084478,1.7246966497611085,-0.41619440488525394,0.38298898474092846,-1.1300693390403578,-1.5171736966716791,0.6855077387902041,0.7505791675217656,0.6686548047579066,-0.7309562757154733,-0.4242363333980435,-0.5262478565174211,3.9262377064363267,0.2873289044030093,-0.1755639454992155,-0.5698329282387588,0.14125714008746323,-0.4997301761516306,-0.5353350870162231,0.7682072166317373,-2.1305664798072006,1.2571492168625729,0.45768658605355206,-2.238231233324972,0.09806753953894455,0.21539650545628794,-2.6859797236775362,-2.1155194792703162,-0.2088284249494084,0.18438420787030596,-1.008086310917404,-0.3748208075495975,-0.4787486216634773,0.37721187506452086,-1.5763921569842494,0.5639091200523596,-460.2343559745036
-0.6220348055543814,-0.45784838618248924,-1.6380290574360168,0.32910677871012955,-0.7146806769904318,0.7931756882186773,-0.4482246163001494,-1.9689231424160831,1.4288577078135674,0.16805980596682024,-0.37058276240078286,1.7031726099180378,-0.022278979183713316,-1.1996975283653082,1.0697714549838502,-0.15936223214590656,-2.1770650464428547,-2.3161438629688766,0.17847666388538974,-0.9951484818533795,-0.6922503292658964,-0.18150316213566714,2.042076040143744,1.2528426344274837,0.5212799050138145,0.4968735905075971,-0.12205713212127726,-1.3480471119401671,0.10343812930810638,0.3216785413765001,0.8580141953021454,0.5827375831738644,-0.5859276733177553,-2.018487864388638,-0.8281962729652346,-1.4741321320421057,-1.7863754653546866,0.9955815140020298,0.2773584619646759,0.14506374595938162,-0.6201893135186345,-0.45670440018001807,-1.2777162878732795,0.013554159747288089,-1.8707919210258557,0.7109599682034915,1.2557561255735208,1.5655240292343404,1.4765403497258958,0.594754341665286,160.87162987000147
0.7368438970924334,-1.6151318159055095,-2.4242402602729416,-2.9213504834946074,0.20056919723094285,0.46642998243352635,0.9039348410861953,-1.0097307047099375,-0.8275902206487197,0.06167984984797165,-0.7345915767980492,-0.7472116791478234,-0.7280029412291344,-1.5625458568865427,0.5159392177040995,1.1647393544571714,0.1764415552772252,-0.5290526773462948,-0.3670278390833223,0.42881650033057295,-2.3629324355418384,0.6931056072631441,2.0574954697116987,0.4365598041576678,1.1486373494287152,0.06699071722487192,-0.03564148229748357,-0.810252437014381,0.6191542610051978,-1.015821818978397,0.7942646796218271,-0.2813275571182134,-1.072139011985607,0.2935579321666293,-1.2542894231692494,0.08614388304637476,0.8840453963610497,-0.021367294348436157,0.020793707675407894,-1.356581804623405,0.7323723678128519,-1.5703798224105252,-5.314173468304334,0.280538913737787,-0.35151348404130867,0.44426331148603976,-0.8946073022195039,-0.0657502610729878,1.3800913541474515,0.8534155587803077,-94.21071248543831
-1.377669367957091,-0.7728252145375718,1.083051243175277,0.21645858958197486,2.3146585666735087,-0.3152692446403456,-0.6516003476058171,0.6339190223180112,-0.7153037092599682,-1.6127158711896517,-0.48536354782910346,0.5607845263682344,0.852433334796224,0.5150476863060479,0.5137859509122088,-0.23681860674000887,0.06428001909546277,3.852731490654721,-1.0777447779293061,-0.47193186578943347,2.1439440893253257,1.088950596967366,0.18645431476942764,0.045571839903813784,-1.867265192591748,0.5150352672086598,0.7589692204932674,0.08187413938632256,-2.025142586657607,0.6862601903745135,0.570890510693167,-0.9378250399151228,-0.7303666317171367,0.9540017634932023,1.135565640180599,0.6795977489346758,1.053802052034903,0.3577873603482833,-0.661786464768388,0.651391251305798,-1.3481744296109883,-0.7768639086144599,1.298897494114906,0.9965607061529229,0.0184183791895517,-0.3609661658190799,-0.18687164416135904,-0.5551995266931984,-0.6255627015095294,0.7589285897867651,-91.36737973769466
0.02246589281204638,0.1018562952619867,-0.01926037973439464,1.6614701657280182,0.16476084123651674,-0.3540407109410238,0.23070090571868349,-0.6163614080394775,-0.10325476014904739,0.24395319790850026,-1.2391070756539009,0.7846042878980238,0.5576910607251245,0.7153813154412441,1.114321694668872,1.5490201514951873,-1.6009039784765156,0.7181857257079345,-0.828497024780246,-0.22320225463480511,-1.2601647651725802,1.4898634386020821,-0.31771509675623405,0.020886488295961788,0.05088770185601806,-1.1808128153088449,-0.573601772896901,-1.46752526575244,-0.375196380323937,0.1733416643704082,0.4384757388097273,0.54711911517521,-0.17585440443207118,0.6728612359668199,0.019616657693989903,-1.6431888111541673,-0.2628908292082677,2.412615421612916,1.2816437950037687,0.591814133741378,0.041389474766463236,0.1266047339708384,1.597347067419332,-0.046882818827191614,1.6764373122752827,1.159329803364248,-0.4397310582741749,1.8811570694405901,0.39580353343740904,0.2811914239693758,190.42665622119011
0.5565531245337582,-1.5193460754768424,-0.41360553342164424,-0.6582484123338483,1.2002617497388293,-0.5835993263460049,-0.9822940342546795,0.446872500802698,-0.5098066931908826,1.1539007342557472,-0.4511588584089988,-0.8603850107795019,-0.20661127969604665,1.0826910538870733,-1.5473039889383655,-2.832155598110569,0.19042388992505774,-0.4711246518178786,0.44921872128503426,-1.8697416996954206,0.058984221589597374,-0.38852077518300926,0.1704637709965709,0.4535087125544674,-0.463161362085399,0.486036289417637,1.0383788510193166,0.5517407999109204,-0.34254920085776497,-0.41142660711600243,-0.09363618873917084,-1.3354815690998914,-2.4883273534129895,-1.28716356858425,1.32579664754219,0.03444101170584135,1.8876876573401904,-1.907807557877391,-0.9627325652846123,-1.3971181851129912,0.5313810001655359,-1.5306529617165152,-1.0680637178458061,0.259044909379635,0.32692737376416264,-1.0810633275998973,1.4469778843537329,-1.448013900416244,0.4940301862827388,0.10420110395187607,-72.94089245388577
-1.4785219903674274,-0.8392175232226385,-0.11564828238824053,1.5380365664659692,-0.47917423784528995,1.030999522495951,1.5646436558140062,0.8219025043752238,0.36163602504763415,-1.1962066240806708,0.33126343140356396,0.1713682811899705,-1.9875689146008928,0.3436182895684614,1.0571222262189157,-0.3092123758512146,-0.07201012158033385,-1.763040155362734,1.0035328978920242,0.812525822394198,-2.6197451040897444,1.356240028570823,-0.29900735046586746,-0.03582603910995154,-0.18565897666381712,-0.4606387709597875,0.9312801191161986,0.9755451271223592,0.08704706823817122,-1.1063349740060282,0.324083969394795,-0.7198442083947086,0.36139560550841393,-0.6769220003059587,-0.38508228041631654,-0.6451197546051243,-0.3011036955892888,0.7384665799954104,0.0917607765355023,0.6116762888408679,-1.4555047934920342,-0.8429740486609754,1.388530198502123,0.30111496810122274,-0.21910052880886424,0.6159356069442637,0.19655477651157463,-2.198805956620082,0.2606737658239071,-0.06259312789952241,20.675821840782515
-0.02640575695892703,-0.25879606266710237,-1.234348871879922,2.2313001461926323,0.6969544045107356,-0.08836295920533532,0.5008444749444569,-0.5426737997340217,-1.1939250063990554,0.3696421921980939,0.5609194479412387,1.6155828235482317,-0.47209057769712737,-0.47383934707091613,0.4240610444640897,1.598647170504717,-1.5708761520684993,-0.014452270878279104,-1.1267674689098053,-0.10730214400422888,-1.801057734152739,0.4477169258102776,-0.620847598251116,0.6380511014407572,-0.33381948975600995,-0.8096035199216461,-0.3700110298821277,-0.29548031802916036,-0.7877837519082389,1.1731246375866413,0.5462842480036996,0.2801611588196068,1.732514999485092,-0.4363858905265686,0.0064222698109378164,0.14294309476370676,-0.5924642591528942,0.9648516330974576,-0.1681438185847896,-0.10960980392583083,-0.033719804882391645,-0.2702773688132513,1.0457072609835978,0.27778284173407813,0.8294055811834892,0.5931012579683838,1.0318445394686349,0.4400144500533324,-0.5503051538454201,-0.7539645888666763,161.3605510503936
1.223083067095325,1.2637066776546686,-0.5289777080640152,0.6021183203924835,0.26402008133367,0.9113627221747217,-0.21220896990115168,0.07748051851886253,-1.1302037246739238,0.28872366282502326,0.543479378670093,-0.6085897232397004,-0.15525904882474875,-1.8206033005485172,-0.5703513664136806,-0.8463159774657358,-0.12270893359572414,0.2700573583914221,0.09337237427665124,-1.6548874362282961,-0.9519184600222356,-0.9600462952794637,-1.2417605754816243,0.07203686128374476,1.2723535001067678,0.35250496835687956,0.10575379127148042,0.1998104337187135,0.2577525401427507,0.7324921027798023,-1.9122549754197768,-0.25885440036983165,1.5163940552535728,-1.3683150388328105,-0.06863404608546861,2.411676675578421,-1.0565576427602528,-0.8245141615276735,0.33417641724489744,1.987275999230808,1.1693511067907763,1.3041601956176274,0.06578774325336131,0.5480477601410787,-2.211135309007885,-0.3095464393139903,-1.485560373036972,-0.5020542243526112,-0.6716233679380516,-0.28067507686677406,-45.454037911819455
-0.17280173739646437,-0.8810683366612923,-1.6685992588781953,-0.8729610904537004,-0.23811043631205406,0.3676198402097109,0.7211353625455816,1.3554428011054958,0.2314459225255723,1.1727568452674448,1.186734620177331,2.8684030556667683,0.5540577711159071,0.22899639245934025,-0.7331561971099966,-0.712220763649051,-0.8783230771797389,-1.8579014513982872,-0.3780078990182172,0.6654168236917787,-0.9162741005637249,1.9412174364637491,0.13429649724779288,0.8814075289235711,0.04600274725327412,0.44130715169924584,0.1480894197982762,1.4363354057059785,1.1701987091966037,-0.9046143749937661,0.6032475005713938,0.7719201548366751,-0.21566763754763232,0.6386601686431024,0.29815846599052565,0.6464895377257707,1.0587285298838789,0.012499321907250335,0.07959786237603639,1.0581183250871502,-0.16342329710724354,-0.9141462076852696,-2.582835209171521,0.05940318395110052,0.23561455810856594,0.326133022242118,0.26705026586925884,-1.0212328171307132,-0.025554070991445278,-1.6929568141953855,401.7736968164636
-0.8084936028931876,0.29612027706457605,1.477894044741516,-0.026513875449216878,-1.4153707420504142,-0.39210815313215763,2.463242112485286,0.30154734233361247,0.25755039072276437,-0.8022772692216189,0.00511345664246089,0.3571125715117464,0.7519330326867741,-0.5297602037670388,0.32875110965968446,0.26105527217988933,1.8861859012105302,0.5132674331133561,0.17457781283183896,-0.16128571166600914,-0.19236096478112252,0.4040508568145384,-1.168678037619532,0.06023020994102644,-0.42064532276535904,0.9154021177020741,-1.4635149481321186,-0.23458713337514692,-0.03471176970524331,-0.3427145165267695,0.09707754934804039,-0.5017570435845365,-1.9187712152990415,-0.7020530938773524,0.9686449905328892,-0.07444591576616721,-0.5182702182736474,-0.21967188783751193,1.1428228145150205,-0.3276621465977682,-0.787102625391726,0.2973063104710674,1.4353108772096494,-0.9555015637122546,0.7708651938869668,-1.251113576385303,0.889630795623437,0.7083564472993533,1.1727290192593647,-0.09833962679474989,138.57046711991887
0.1664522082130561,-0.8323555731042287,-1.1227220215622986,-0.7982972445384537,0.2029230208512997,1.4205042479898549,-0.7309300399419191,1.7945578635177877,0.6585442726728304,1.7958776730955217,-0.5522230442809712,0.6748194921666038,1.188393273448084,-0.637739984251316,2.4553001399108942,0.4714155563864041,0.28586539072490497,-0.5309969550018176,0.334456789987025,-0.6127886904843862,-0.033126972873797095,-0.38770155993598415,0.2237879516388985,-1.3793192280145272,-1.515744114997232,0.2891686439078181,-0.5707462937494763,0.6329318177555108,-0.5176112990361714,1.5475052013300616,-0.6231405264247644,0.4924512640081491,-0.1769472274940494,-0.6373871273065177,-0.5554771191602547,2.0102045387663496,0.3824097461840506,-0.04946370965243295,-0.016422896072752075,1.1890165311075518,0.16322543318164418,-0.8587099555228954,-1.9003726933869711,0.7840311691532182,-1.4785862457798415,0.924027019206901,0.08228398927542419,0.24380071377119883,0.5436001545944323,-0.9885911071509175,120.88640914722839
1.0225704320096403,-1.6929568141953855,-1.389572466763596,-1.3340254949182044,0.17989415115347845,-0.7539645888666763,0.31978193414253697,0.440474737960399,0.5500520990245519,-1.570500603623177,-0.9885911071509175,2.2909425725907417,1.3641404299738442,0.594754341665286,0.5639091200523596,-0.09833962679474989,-0.9824873935383096,0.8534155587803077,-0.2246331499970246,-0.9896281365703375,-1.5929937335316693,0.9407711879882159,0.5524899544171478,-0.6013676439512137,1.3920022863445993,1.3842728185105182,-0.28067507686677406,-1.103589317215771,-0.019637798926681216,0.918316606002313,0.7589285897867651,2.439752406339273,0.1053755061459599,0.10420110395187607,0.2811914239693758,-0.9683444548636353,-1.6453987469568918,-2.499405714873573,0.22391413406466143,-0.06259312789952241,0.9974272807019445,-1.725178467691567,-2.7517841893219996,-0.34692911348604133,1.143754043206929,-0.18490213644298903,1.0654803750653512,-0.5640786307367284,-0.37061433208610595,-1.103589317215771,158.48938219605654
-1.5614932224418594,1.676393027208203,-2.1523835446091804,0.44947391283230687,0.33855287628591424,-1.2070216478572156,-1.0147594931858521,0.41644603810145264,1.7611881248673737,-1.0257526836402773,-1.1533505105959594,0.03003147916408217,2.3200407220172594,-0.6277339060845056,-0.2116669819311769,-0.9455068799427312,0.5320061988219431,-0.2880388739220764,0.3616610612470166,1.1008213984226052,-0.36146276669398575,1.0613709648731335,-0.9823035803773146,2.0860470495371137,-0.9379255765363989,-0.3301200939664503,-1.0753123930492379,1.1373145423647293,-0.05390484900573916,0.216624975404619,1.4185313451480366,1.503419828428999,-1.1818741254208012,1.2769653860881878,-2.4878086565350794,-0.0003136726117747121,0.8764556455029355,-0.8617030702562581,1.1218578562304709,0.33802348110170816,-1.5585707728340306,1.7562140590858373,-1.744020651555195,-0.3359981291398312,0.3384964074944141,-0.5227230205190395,-0.5172884501003722,-1.2803043986708944,0.7716987106483447,0.17989415115347845,-45.22835749448873
0.6901439917111125,0.8723206367206782,-0.1087601484568576,0.4919191715065057,-0.8397218421807761,2.1531824575115563,1.8314587658543537,-0.4691756521047048,0.9504238381860503,-0.525755021680761,2.1898029332176723,1.5327389130025777,1.2378163119734618,0.09767609854883172,0.01259240078179486,0.18334200573835174,0.34175597577715944,-0.7730097838554665,1.8761708392158862,-0.759132661553698,1.179440120721287,0.15039378647620763,1.3538723741654128,-1.3202332070206422,-0.5993926454440222,0.22409248181041677,-0.7673475628880495,-0.8082982853551515,-1.7131345290908775,-2.123895724309807,0.024510174258942714,-0.40122047188583626,-0.898414671348358,1.4511436077950417,0.49799829124544975,-0.5769036556624031,0.40171172209894146,0.5193465142411723,-0.11453984525261789,0.9592708260852069,0.667928205421583,0.8524217456032568,0.3953433836242437,0.6584934852639766,-0.4152879139008013,1.0490092258368893,1.40934744018558,0.8724573282801447,-2.8485426206300755,1.3920022863445993,156.1045122321958
-0.7859894605079495,0.9190764829877686,0.7081086766885905,0.8177662992002871,-0.6680904536430488,0.08182935854756501,0.5578103063518622,-1.3118362323501596,1.085895565831578,-0.7557451594928447,0.26739231407190295,-0.1524698363805439,-0.186971302985446,-1.1033666061738736,0.5079913269125437,-0.29027454418865134,0.028181157369128247,-2.152890592952483,-0.009118996644203544,0.5365098435704035,0.010352619843380607,-0.8984679817910373,-0.30522470435466764,1.3902075490173134,0.9920423495365228,-1.8362053731032966,-0.09888965319114267,0.3216978061960136,-1.0651136630753726,-0.17495975669540864,0.3885786045309641,-1.331232953557778,-0.025026958745143917,-0.006070911539893324,2.4929995174327906,0.4746982328799528,0.9567023167945841,0.1335409047822823,-0.6095122021592831,0.8384907744516419,-0.7771239616283259,0.9511832164550142,1.5381233044443139,-0.32811682294737116,0.6327818661062848,-0.7043436905427592,2.2988981236192503,0.650201177958661,1.1487657003721035,0.918316606002313,70.66987736695111
-0.0809173376626882,-0.7908817916945654,0.02620475277403566,-0.25628082425157245,0.518871180440122,0.29094736433948537,-0.4068852445043747,0.29497145570882155,-0.8682609615983323,0.4147728907887909,-1.3650217954266353,0.5179947763914519,0.7219034854381414,1.592669998282884,-0.4884760801103597,0.0340080962281468,0.1386451837100845,0.01934407081175429,-1.0861262991814098,1.6043391083085963,-0.5347566708443231,-0.28509425704201397,1.2809395766667275,-0.23591652931212392,0.49580502102757085,0.21060083929764178,0.9578396311082676,0.7014947819247145,-1.4972576451786446,0.00161903135694112,-1.1889634195349619,-3.1704257358780557,1.1039335467019071,-1.0461210850625042,-0.0498801541281177,0.09781329309330739,-0.30356432526591504,1.0071572005966691,-0.6654222981294605,0.4734074157124664,-0.09534453629386681,-0.8389537449522497,-0.25542323024609326,0.4156082679265148,2.270692857804396,-1.4084612963635597,-0.36283856043965906,-0.09917586377938291,-1.7397137787780996,-1.570500603623177,-23.095695926359745
-0.7090209576304904,-0.2798103423770061,-1.7938924978678903,-0.8028244439508423,2.1650560678066024,-1.6826586941226858,-0.07566560432583026,-1.385987942398998,0.861636124497944,1.0269862633197322,0.5059655534558652,-1.6873443471107104,-0.40439742318396127,0.4004813865063287,0.17775010626803134,-0.9645377949101913,-0.8162172445419648,0.13106518621584873,0.07814306296964744,1.105900424357309,1.9725421767898081,-0.5639474880582432,1.4891131083282896,-0.07397286359437803,1.190548594343596,-0.5258796758952039,-1.0240285908863795,-0.7282722024066131,0.5055892418358746,0.2125740306322149,-0.07744346072599365,1.9532591375265682,-1.5769964821909972,1.4509275482792119,-1.1952937635992447,0.13906039865341766,-1.3554475031122892,-1.153332403205745,2.271449745422796,1.8071966436378852,-0.6980662527112008,-0.29484518654033487,-2.620268857099649,0.23558228435741685,0.18186625505849516,-1.5566291735239037,-0.4455025214007718,1.8466369960476658,-0.36244094140313216,-0.9896281365703375,-310.8136589449476
0.38193545223155334,0.07863519031609059,-0.3216350512173826,0.21743287317972287,0.9980101098596522,0.7326400772155792,0.49568188797260465,0.3649610024662254,-0.6237689606958051,-0.13958962815517376,0.9163276747024814,-0.3492577043184288,1.050654396007612,-0.2590421458207031,0.23878915902651351,-1.9982006845321076,0.6127739050625697,-0.19634984908497827,-1.0534155631736561,1.1081828167375165,0.15041890514357642,-1.0399059271255309,-0.05761879703358539,0.8700677306887542,-2.8962553781936893,1.0302834540318422,-0.08071658010858232,0.3464884758979927,2.403415585238275,2.0883747047807275,-0.07160125941406395,0.43004164719106963,-0.19068240076334658,0.7276295436369798,-0.03722223650984159,1.9140313538667861,2.076747983560841,-0.3486521344078592,0.2010990467149675,0.05194588580729943,0.382377760323213,0.10198690606175972,-0.09259968116977793,0.8542766135609546,0.24822058630033608,0.6060099513456396,1.453384477117701,-1.0700847663261526,-1.1196698946261439,0.9407711879882159,70.73734560577488
-0.9944285217997922,-0.024232833869692147,0.6719446078144975,-0.39987823866837147,0.2790838583451852,-2.3203155982304233,0.26426827164563654,-1.2640061679473638,-2.0903028988531567,-0.9784995458666064,-1.0952705188428047,0.6688401305462182,0.7391804947015679,1.029413100955326,-0.25276325509618536,1.2024512479830722,0.7309589763762161,0.796701927070742,-0.6506598273683837,2.7552177437199017,-0.15011695125380659,-0.30561061415380336,-1.9493717553224232,-0.11464083550639245,0.29156367668197275,-1.183056184734389,0.7826298263165181,-3.1767038131960006,0.4861847915619389,-1.690671627606452,0.015182942540433121,0.249548189598077,-0.2656045602861052,0.6455877121741934,-0.9748065759228419,-0.1702582467959055,0.3842020720058965,-1.2699985973938759,-2.0503574572842003,0.019381237698025213,-0.9368162333395857,-0.023431890165176734,0.1996621520712598,-0.9899075349404478,-0.4593608995402441,-1.280429352496283,1.5795721457307124,-1.5255251709247388,-1.2946814757209058,-0.9824873935383096,-9.839171993854073
0.3350580290841175,1.0817667276728287,-0.3294477863470914,1.532367724678116,0.38680852068920263,0.33385996656853467,-1.3993061748019415,-2.100026507651624,-0.35141423571373254,1.0237095461069814,0.6220699903060487,-0.3020454994898642,0.12354769595558233,0.756788679986982,-1.5355721232071058,-1.3122191934314063,0.14488783309689118,0.6124687940136023,0.02390304328495547,0.24930859564172886,0.3676492929914216,1.0450884740847535,0.885231482988991,0.49986412374037137,1.090980425185967,0.46926758980852623,1.4313667818311835,1.3289333195354096,0.6255080168310357,2.012270445700765,-1.0166831285764972,0.3161559571827783,-0.8184286659420014,-0.039307287627631186,-0.2440804736742013,1.5634133588321082,0.7318707042882956,0.6791427754381955,-0.5923559556520536,-0.1344967844017327,0.33184842475907195,1.0818471666676992,1.1325467496121968,0.3982096291312339,-0.8498443694647918,1.7547941819843647,-0.5228600271532683,-0.6919080698812444,1.1608267873785194,-0.2246331499970246,48.941917981198856
-0.5495571359085801,-0.2789629303318085,1.9925153531681183,0.547264797377967,0.570612997219531,-1.2565068942792563,-0.25495579355369785,0.3278795241593574,-1.3510743662080213,-0.6122367345077503,0.7903718960517113,1.7193779062072967,-0.8514064342603136,0.02538842054241018,-0.04541121793223822,-0.2797601684958344,2.9490944253087252,-1.9196731561976563,1.2446795807367868,-1.085150526557798,-0.12545426000290022,-0.8254105299789551,-2.219300372747535,0.5488838353173644,0.9681846605328611,-0.3871306497895146,0.8132051867479773,0.34005129456889044,0.08589300629333041,-0.33130838318332273,-0.01383774609423725,0.8595878869798019,0.4818660617184915,-0.493122822399772,-0.6897277740641738,-1.3224579567435701,-0.7666565877833479,-0.6058608207588934,-0.22979963057519381,1.4436320034688142,-0.5334149853759532,-0.29884826312364404,2.5038579394834635,-0.36947200591038903,0.8303358165442456,-2.081929407883722,-0.42018681709585726,-0.045586016355497805,-0.46770120131189136,0.5500520990245519,232.02264119295117
0.09175248444837286,-0.6039806259692295,-0.19469729611668168,0.7774073527645112,0.9965705105794472,0.8760467925297942,1.52100622715938,1.7473631979155582,-0.18689615816198485,-0.19050310599781134,-1.6394841625254342,0.7450053128772811,-1.1062935124116342,1.5781180575621845,0.21471318317052634,-0.22954865536034708,0.08520944963390106,0.9854496856152184,-2.9911359709007233,0.32405702822156063,-0.9489165208248372,-1.1476913898156673,-0.23655528721894603,0.46667098196608103,-0.46649537922819795,-0.11622904312195817,1.472670675750982,-0.39247110606087293,0.9321915642603847,0.6404797952008238,0.8691545924968965,0.2522403964266774,1.205994516546816,-0.8892408282283243,-0.4555395260238707,-1.6304732437151401,-0.06418817710849775,-0.7188323876087304,1.1356201471829441,0.9553005582377528,0.08842851644408206,-0.6024682835099207,0.5720376990622372,0.9075177395223867,-0.8560838259088672,1.6964563682900382,-0.2817846088605072,0.24333944932269183,0.3465038817307158,-0.9683444548636353,121.98026866410919
0.30767665340111383,-0.05592044852221312,0.9577916144729056,1.1277802506338985,0.6188862980231536,-0.1108125602790875,-0.7469232850701676,-0.21713107494620248,-0.514782674914742,0.3116528560047783,0.8913036868697555,-0.1373109657888796,0.08416823018569615,-0.7352010347632466,1.798725018351312,0.3379575282321183,0.38837572923016833,1.6562082520572956,-0.09482423128087224,-1.5189108250900678,0.990166238959289,-2.6307301368290634,-0.47741070619280046,0.0861108682589779,1.638359732270941,-0.8807540896027302,-0.3882430535215389,0.004229858994151577,0.5265366836723071,0.38130961226478466,-0.2430611988808665,-1.0955193888455623,-0.06040372919690829,1.0703651602299298,0.0022879361435040493,0.24353020418634463,0.20760335140062577,-0.6076463453734726,-0.6498268854974364,1.2718924219386565,0.2631476960271107,-0.07164619012700012,2.1011172433867045,0.24028428401445087,0.07156623721939247,0.2110174672026184,-1.344450511034277,-0.24123605785632987,-0.04692057887918407,0.1053755061459599,-107.47569837855855
-0.17262729994081963,-0.025554070991445278,1.0786808334312956,0.47704082722312147,0.7716987106483447,-0.5503051538454201,-1.2829922241885696,-0.4937565831613125,-0.46770120131189136,-1.7397137787780996,0.5436001545944323,-0.45888426286894,0.8502217421134929,1.4765403497258958,-1.5763921569842494,1.1727290192593647,-1.2946814757209058,1.3800913541474515,1.1608267873785194,-0.36244094140313216,0.99626681944714,-1.1196698946261439,-0.4281151609659125,0.07682189106025536,-2.8485426206300755,0.6523228784134196,-0.6716233679380516,-0.37061433208610595,-1.556581898659751,1.1487657003721035,-0.6255627015095294,0.8836599374866724,-0.04692057887918407,0.4940301862827388,0.39580353343740904,0.3465038817307158,-0.03850846950070721,1.6839276914578687,1.5007597906343109,0.2606737658239071,-0.1697050314509876,-0.021735980619634686,1.6294894715018946,-0.0043992798353169466,-0.4776574467651167,-0.09671311187039239,-0.9186519464841982,0.3520553965142968,0.47704082722312147,-1.3340254949182044,154.00230711875219
-1.1543626682329844,-1.466785190615677,-0.45909031021899177,0.7123221595801621,0.9784221120280351,-1.0022170189267248,-0.6176416769336966,-1.8800100339077637,0.8929538701087693,-0.33078922432755736,0.9753124584779789,0.4559041951707027,0.4373131870389607,-0.09662367001488972,0.15805348992013185,-0.5014021468856367,-1.1967886464263116,-0.4159669279473586,0.8936976893891109,-0.7801991291174627,-1.5350402475323597,1.3305749040390402,-1.8831502080585838,2.2816518365388427,0.5221425459339358,-0.3899237065594453,-0.752435237353035,0.5156280884439565,0.7127120288613313,-1.1036698285303692,-0.9457460606967811,-1.7518288067517191,-0.40968659262949736,-1.317131919946585,0.6082461916849685,1.8296202017160872,-0.6946003691631446,-0.6065033882157397,-0.37231905293792283,0.7760279138434754,-1.130070810669504,-1.4952094576299144,0.2961148305212713,-0.08765700655927246,0.47897982574639186,-0.5449190868089497,-1.0041407667520679,-1.251539424190444,0.07682189106025536,-0.6013676439512137,-164.60254790257832
-0.13939720066323416,0.9515497705740428,0.4912076654119963,-0.36920720044744615,0.8467707752164937,0.041325632270618466,-0.3748220566218061,-1.6312758154609455,-0.11066536855732945,-0.6028206557839616,0.47347189903522846,-0.6121669171548207,0.31318447386498,0.07268052432934134,1.3183023248526693,-1.0211624575603002,-0.7076258948220261,-0.4114931445621802,-0.7121738641760436,0.4322629506341555,-1.0385438208439723,0.47004418736820214,0.10940847183297006,-2.9069882193216414,-2.1272274203514954,-1.9093560875072928,0.4430021304473752,-0.26764109089879357,-1.2374266382225725,-0.099094300241269,-0.08923415422144892,0.7396531517246714,0.8419836954521269,-1.7312013034449254,-0.03757064497948127,-0.8966422273152082,-0.35802937974698623,-0.4835614838465371,1.3286408282482312,1.494938227453236,-0.08734441440026375,0.9575487590334073,0.11400353846637878,0.5123919171157824,0.3336621052869483,0.39913611435207086,-0.7677975651041284,1.4437646040732595,-1.2829922241885696,0.31978193414253697,9.61589542077084
-0.372206776071053,0.5136001065697166,-0.22648409884983192,-0.20367375017696587,-0.027514905050636255,-0.46603650186824225,-0.82688035403986,0.3673655068161781,0.7660802783846903,-0.45709625658627184,-1.169916835710288,0.5820977034686158,-0.2711236010425688,-0.4888494217862741,1.543243528272189,-0.5327008396619114,-0.9983854391882915,-1.1196174332890112,0.30179189981946597,-0.6022120603617805,-0.22647889190152676,0.46877425607502377,-0.8031789506803448,-0.877982586756561,1.772251596669744,1.884586305934609,-1.5947030672667954,-2.8722622132816493,0.9135846262332494,1.66125921454787,0.14088624691120394,1.088748619704186,-0.10015407647995278,0.32316771418478146,-1.7684393655628516,1.2269332238843076,-0.9594392367234797,1.221033695525353,1.4926885689595217,-0.14760258629866868,-0.36860985984525435,0.5667509904876175,-0.4311086594219322,-0.16452731778437507,1.0375399442578992,-0.037634702424848364,-0.03468488738678118,-0.0821511783925688,0.99626681944714,-1.5929937335316693,211.58480771292986
0.17086543812794186,0.25602973431387566,-1.348185422105713,-1.3516846056163336,-1.8408742313316453,1.0291556373256436,1.0536417966078395,2.632382064837391,-0.6115178029919482,0.026091050210833786,1.6654744444625766,-1.7101683926566256,0.7003098794089914,-0.5397596803093615,0.34758170536167105,0.9826909839455139,0.18676676447707832,-0.7783047254023127,-0.7553829323533225,0.517659020469123,-0.949398888831943,-0.7257438131534656,0.1848361236948739,-0.9758732529773327,-1.2795769667357015,0.01843393306539316,0.472597482413043,1.0143700650181304,0.4933179008808892,-0.6248185776956788,0.19584525509768155,-0.18398333635267913,-0.9232332461109043,0.40825275571447184,-0.978372777615032,-1.4066610968482223,0.743264094022715,0.3078017688920592,-0.8583577801812136,-1.7025836042378404,0.17347907621205527,0.2738287094465134,-2.749996495953937,-0.41831109898081975,-0.510016398854747,1.1033018820165215,0.23421473253652075,1.1172958315881276,-0.4937565831613125,0.440474737960399,-192.3062179602293
-0.08973569428722672,-0.4523063192490767,0.19652116970147013,-2.0417348684242906,0.7858001586508322,-0.4461834332147797,-0.6819842479977986,-0.2811002928859549,-0.22096417382966393,-0.047711356141979855,-1.5839028234857233,1.3291525301324314,0.5725827813561586,-0.04015795064434341,1.8009404329108156,-2.4238793266289567,1.5033983017671506,-1.4307751021180481,0.8773622905756714,-0.0036025390905684044,-1.0016200098949155,-1.1583646891925428,0.6408428612670098,-0.24717738252059693,0.42545756178496474,-0.6763923020592697,-1.889540730945531,0.7604146561442974,1.7976865268495226,-0.966976143129213,0.12810441491078928,1.4401172154494728,0.20838280794755248,0.8406435489887241,-0.6810516574748808,0.02688583899453078,0.7090037575885123,0.6427227598675439,-0.5711789897827968,-0.6526239793023909,-0.08863521579558704,-0.5018552973672104,-1.84613935552244,0.19863621087081457,-0.26987493529337125,0.11422764866203965,1.5505004928140769,0.34272534637770413,-1.556581898659751,-0.019637798926681216,316.0458006562784
-0.7790927393767005,-1.055089368176695,1.159381043300522,-1.745707432859652,-0.4235985817281771,1.2066081548639151,0.38343503140364416,1.0059245117964166,-0.19692180799688955,0.7034279167873088,-0.9846547848472624,-1.5118834195632136,-0.3365525898781734,1.5091310134045506,0.18568858041873892,0.12626773623406817,-0.6300249795338944,0.605606232631313,0.7319555025098458,-1.307369782230964,-0.40930847409572124,-1.5978721344948377,1.127908993253569,0.49470565377503245,-1.3656174041901494,-0.45763324933761523,-1.5271678565896476,-0.7925234471152126,-1.1274960989530387,-0.9741218462163683,0.508608373233442,0.20323595458603103,0.04435879751560705,-1.4840566649243352,-0.4303093199546424,-0.46458107811561833,0.973101561015072,2.0931979322099448,0.15449366559525113,-0.2084682105404079,-0.7868844453415571,-1.0724620692448406,-0.6007593215051369,0.40706729429504585,-0.9787637157823074,0.1503017614618776,-0.998354040738791,0.4567532191537839,-0.4281151609659125,0.5524899544171478,19.50445304176684
-0.1858457521927473,1.0417246640588513,-1.9670697035871523,-0.28313889674376713,-0.7068925679873489,-0.8638829605897661,-1.2094769354188053,0.2514736089405121,0.45060341286253885,1.0706105599791862,-0.12951724686344077,0.14035986984804696,1.6554071130882952,-1.9511018640386248,1.2189707897936632,0.5835443030118876,-1.2931415437586478,0.1435879365051602,0.5723903111756757,-0.7296024698074095,0.38897872935218375,0.3614173172731029,-0.7557915001583629,-0.30085974714082625,0.8555556590207121,-0.05658848889989584,1.279464931657751,0.5798572852951321,-0.1942691319785193,1.649480894323921,-1.8179792253871547,0.3099989831655551,-1.1617838439123638,-0.09445871444200275,0.7597122954841684,-1.869816339532164,-1.1171864617070024,1.2005316584738726,1.0487071264165635,0.41960997202411815,-0.1592723808585919,1.0493234280446606,-2.234072672314015,-0.6314437238657956,-0.4442932600761116,-0.36361221221385587,0.9843223984765838,0.5697672802322039,1.5007597906343109,0.22391413406466143,11.87145691473027
-1.092141593428733,1.146027575013415,1.6350663945275195,-0.5393050144632704,-0.4536363875916828,0.05586393984449697,0.8377642215465891,-2.914255989816941,1.0960699074773985,0.7717961772356612,-0.016610342325908987,0.9374774925069249,-2.832325924984141,0.6863535550145331,0.4892545350763276,-2.837506441397379,-0.6671890847775054,-0.8388926740257363,-0.732968899123759,0.35625278870608357,-0.6792306531929551,1.261519252535516,-1.2203206899439758,0.386382653848061,1.7262265456356325,-0.34516470544979644,-0.30964971398806124,-0.10581875749769788,0.5232231857370332,-0.8873294588557712,0.06783851391693768,-0.253676077542381,-1.5449373466767586,1.44194500580189,-2.0199273321561364,0.4253213083301104,1.311693449272661,-0.21596052035023222,-2.0173387981224113,-0.5123742406766936,-1.055260100906423,1.1859967932096078,1.0543998328866329,-0.14290747830186407,0.3773004930448522,-0.056945623721067457,-0.21398884422550896,0.44770856001731496,0.8502217421134929,1.3641404299738442,162.64258988700556
